reference_site,sequential_site,wildtype_aa,reference_aa,primers_forward_offset-8,primers_reverse_offset-8,primers_forward_offset4,primers_reverse_offset4
18,18,L,L,"['AACNNCATCACCAGGACCCAAAGCTACACCAAC', 'AACNNGATCACCAGGACCCAAAGCTACACCAAC']","['GTTGGTGTAGCTTTGGGTCCTGGTGATGNNGTT', 'GTTGGTGTAGCTTTGGGTCCTGGTGATCNNGTT']","['TCCAGCCAGTGTGTGAACNNCATCACC', 'CCAGCCAGTGTGTGAACNNGATCACC']","['GGTGATGNNGTTCACACACTGGCTGGA', 'GGTGATCNNGTTCACACACTGGCTGG']"
19,19,I,T,"['CTGNNCACCAGGACCCAAAGCTACACCAACTCC', 'CTGNNGACCAGGACCCAAAGCTACACCAACTCC']","['GGAGTTGGTGTAGCTTTGGGTCCTGGTGNNCAG', 'GGAGTTGGTGTAGCTTTGGGTCCTGGTCNNCAG']","['GCCAGTGTGTGAACCTGNNCACCAG', 'GCCAGTGTGTGAACCTGNNGACCAGG']","['CTGGTGNNCAGGTTCACACACTGGC', 'CCTGGTCNNCAGGTTCACACACTGGC']"
27,24,S,A,"['CAANNCTACACCAACTCCTTCACCAGGGGAGTC', 'CAANNGTACACCAACTCCTTCACCAGGGGAGTC']","['GACTCCCCTGGTGAAGGAGTTGGTGTAGNNTTG', 'GACTCCCCTGGTGAAGGAGTTGGTGTACNNTTG']","['CCTGATCACCAGGACCCAANNCTACACCA', 'CCTGATCACCAGGACCCAANNGTACACCA']","['TGGTGTAGNNTTGGGTCCTGGTGATCAGG', 'TGGTGTACNNTTGGGTCCTGGTGATCAGG']"
67,64,A,A,"['CATNNCATCCATGTGTCTGGCACCAATGGCACC', 'CATNNGATCCATGTGTCTGGCACCAATGGCACC']","['GGTGCCATTGGTGCCAGACACATGGATGNNATG', 'GGTGCCATTGGTGCCAGACACATGGATCNNATG']","['GCAATGTGACCTGGTTCCATNNCATCCATGT', 'GCAATGTGACCTGGTTCCATNNGATCCATGT']","['ACATGGATGNNATGGAACCAGGTCACATTGC', 'ACATGGATCNNATGGAACCAGGTCACATTGC']"
83,80,A,V,"['CCTNNCCTGCCATTCAATGATGGAGTCTACTTT', 'CCTNNGCTGCCATTCAATGATGGAGTCTACTTT']","['AAAGTAGACTCCATCATTGAATGGCAGGNNAGG', 'AAAGTAGACTCCATCATTGAATGGCAGCNNAGG']","['AAGAGGTTTGACAACCCTNNCCTGCCAT', 'AGAGGTTTGACAACCCTNNGCTGCCA']","['ATGGCAGGNNAGGGTTGTCAAACCTCTT', 'TGGCAGCNNAGGGTTGTCAAACCTCT']"
98,95,S,S,"['AAGNNCAACATCATCAGGGGCTGGATTTTTGGC', 'AAGNNGAACATCATCAGGGGCTGGATTTTTGGC']","['GCCAAAAATCCAGCCCCTGATGATGTTGNNCTT', 'GCCAAAAATCCAGCCCCTGATGATGTTCNNCTT']","['CTTTGCCAGCACAGAGAAGNNCAACATCA', 'ACTTTGCCAGCACAGAGAAGNNGAACATCAT']","['TGATGTTGNNCTTCTCTGTGCTGGCAAAG', 'ATGATGTTCNNCTTCTCTGTGCTGGCAAAGT']"
142,139,D,G,"['CTGNNCGTCTACCAGAAGAACAACAAGTCCTGG', 'CTGNNGGTCTACCAGAAGAACAACAAGTCCTGG']","['CCAGGACTTGTTGTTCTTCTGGTAGACGNNCAG', 'CCAGGACTTGTTGTTCTTCTGGTAGACCNNCAG']","['CTGTAATGACCCATTCCTGNNCGTCTACCA', 'TCTGTAATGACCCATTCCTGNNGGTCTACCA']","['TGGTAGACGNNCAGGAATGGGTCATTACAG', 'TGGTAGACCNNCAGGAATGGGTCATTACAGA']"
146,142,Q,H,"['TACNNCAAGAACAACAAGTCCTGGATGGAGTCT', 'TACNNGAAGAACAACAAGTCCTGGATGGAGTCT']","['AGACTCCATCCAGGACTTGTTGTTCTTGNNGTA', 'AGACTCCATCCAGGACTTGTTGTTCTTCNNGTA']","['CCCATTCCTGGACGTCTACNNCAAGAACAA', 'CCCATTCCTGGACGTCTACNNGAAGAACA']","['TTGTTCTTGNNGTAGACGTCCAGGAATGGG', 'TGTTCTTCNNGTAGACGTCCAGGAATGGG']"
147,143,K,K,"['CAGNNCAACAACAAGTCCTGGATGGAGTCTGAG', 'CAGNNGAACAACAAGTCCTGGATGGAGTCTGAG']","['CTCAGACTCCATCCAGGACTTGTTGTTGNNCTG', 'CTCAGACTCCATCCAGGACTTGTTGTTCNNCTG']","['TTCCTGGACGTCTACCAGNNCAACAACA', 'CATTCCTGGACGTCTACCAGNNGAACAACAA']","['TGTTGTTGNNCTGGTAGACGTCCAGGAA', 'TTGTTGTTCNNCTGGTAGACGTCCAGGAATG']"
153,149,M,M,"['TGGNNCGAGTCTGAGTTCAGGGTCTACTCCTCT', 'TGGNNGGAGTCTGAGTTCAGGGTCTACTCCTCT']","['AGAGGAGTAGACCCTGAACTCAGACTCGNNCCA', 'AGAGGAGTAGACCCTGAACTCAGACTCCNNCCA']","['GAAGAACAACAAGTCCTGGNNCGAGTCTGA', 'AGAAGAACAACAAGTCCTGGNNGGAGTCTGA']","['TCAGACTCGNNCCAGGACTTGTTGTTCTTC', 'TCAGACTCCNNCCAGGACTTGTTGTTCTTCT']"
176,172,L,L,"['TTCNNCATGGACTTGGAGGGCAAGGAGGGCAAC', 'TTCNNGATGGACTTGGAGGGCAAGGAGGGCAAC']","['GTTGCCCTCCTTGCCCTCCAAGTCCATGNNGAA', 'GTTGCCCTCCTTGCCCTCCAAGTCCATCNNGAA']","['GAATATGTGAGCCAACCATTCNNCATGGACTTGG', 'GAATATGTGAGCCAACCATTCNNGATGGACTTGG']","['CCAAGTCCATGNNGAATGGTTGGCTCACATATTC', 'CCAAGTCCATCNNGAATGGTTGGCTCACATATTC']"
180,176,E,E,"['TTGNNCGGCAAGGAGGGCAACTTCAAGAACCTG', 'TTGNNGGGCAAGGAGGGCAACTTCAAGAACCTG']","['CAGGTTCTTGAAGTTGCCCTCCTTGCCGNNCAA', 'CAGGTTCTTGAAGTTGCCCTCCTTGCCCNNCAA']","['CCATTCCTGATGGACTTGNNCGGCAAG', 'CCATTCCTGATGGACTTGNNGGGCAAGG']","['CTTGCCGNNCAAGTCCATCAGGAATGG', 'CCTTGCCCNNCAAGTCCATCAGGAATGG']"
181,177,G,G,"['GAGNNCAAGGAGGGCAACTTCAAGAACCTGAGG', 'GAGNNGAAGGAGGGCAACTTCAAGAACCTGAGG']","['CCTCAGGTTCTTGAAGTTGCCCTCCTTGNNCTC', 'CCTCAGGTTCTTGAAGTTGCCCTCCTTCNNCTC']","['ATTCCTGATGGACTTGGAGNNCAAGGAGG', 'ATTCCTGATGGACTTGGAGNNGAAGGAGGG']","['CCTCCTTGNNCTCCAAGTCCATCAGGAAT', 'CCCTCCTTCNNCTCCAAGTCCATCAGGAAT']"
182,178,K,K,"['GGCNNCGAGGGCAACTTCAAGAACCTGAGGGAG', 'GGCNNGGAGGGCAACTTCAAGAACCTGAGGGAG']","['CTCCCTCAGGTTCTTGAAGTTGCCCTCGNNGCC', 'CTCCCTCAGGTTCTTGAAGTTGCCCTCCNNGCC']","['GATGGACTTGGAGGGCNNCGAGGG', 'GATGGACTTGGAGGGCNNGGAGGG']","['CCCTCGNNGCCCTCCAAGTCCATC', 'CCCTCCNNGCCCTCCAAGTCCATC']"
183,179,E,Q,"['AAGNNCGGCAACTTCAAGAACCTGAGGGAGTTT', 'AAGNNGGGCAACTTCAAGAACCTGAGGGAGTTT']","['AAACTCCCTCAGGTTCTTGAAGTTGCCGNNCTT', 'AAACTCCCTCAGGTTCTTGAAGTTGCCCNNCTT']","['GGACTTGGAGGGCAAGNNCGGCA', 'GGACTTGGAGGGCAAGNNGGGCA']","['TGCCGNNCTTGCCCTCCAAGTCC', 'TGCCCNNCTTGCCCTCCAAGTCC']"
184,180,G,G,"['GAGNNCAACTTCAAGAACCTGAGGGAGTTTGTG', 'GAGNNGAACTTCAAGAACCTGAGGGAGTTTGTG']","['CACAAACTCCCTCAGGTTCTTGAAGTTGNNCTC', 'CACAAACTCCCTCAGGTTCTTGAAGTTCNNCTC']","['GACTTGGAGGGCAAGGAGNNCAACTTCA', 'GACTTGGAGGGCAAGGAGNNGAACTTCA']","['TGAAGTTGNNCTCCTTGCCCTCCAAGTC', 'TGAAGTTCNNCTCCTTGCCCTCCAAGTC']"
185,181,N,N,"['GGCNNCTTCAAGAACCTGAGGGAGTTTGTGTTC', 'GGCNNGTTCAAGAACCTGAGGGAGTTTGTGTTC']","['GAACACAAACTCCCTCAGGTTCTTGAAGNNGCC', 'GAACACAAACTCCCTCAGGTTCTTGAACNNGCC']","['GGAGGGCAAGGAGGGCNNCTTCA', 'GGAGGGCAAGGAGGGCNNGTTCA']","['TGAAGNNGCCCTCCTTGCCCTCC', 'TGAACNNGCCCTCCTTGCCCTCC']"
213,209,E,V,"['CTGNNCAGGGACCTGCCACAGGGCTTCTCTGCC', 'CTGNNGAGGGACCTGCCACAGGGCTTCTCTGCC']","['GGCAGAGAAGCCCTGTGGCAGGTCCCTGNNCAG', 'GGCAGAGAAGCCCTGTGGCAGGTCCCTCNNCAG']","['CACACACCAATCAACCTGNNCAGGGAC', 'CACACACCAATCAACCTGNNGAGGGACC']","['GTCCCTGNNCAGGTTGATTGGTGTGTG', 'GGTCCCTCNNCAGGTTGATTGGTGTGTG']"
215,211,D,D,"['AGGNNCCTGCCACAGGGCTTCTCTGCCTTGGAA', 'AGGNNGCTGCCACAGGGCTTCTCTGCCTTGGAA']","['TTCCAAGGCAGAGAAGCCCTGTGGCAGGNNCCT', 'TTCCAAGGCAGAGAAGCCCTGTGGCAGCNNCCT']","['CAATCAACCTGGAGAGGNNCCTGCCA', 'CAATCAACCTGGAGAGGNNGCTGCCA']","['TGGCAGGNNCCTCTCCAGGTTGATTG', 'TGGCAGCNNCCTCTCCAGGTTGATTG']"
222,218,A,A,"['TCTNNCTTGGAACCACTGGTGGACCTGCCAATT', 'TCTNNGTTGGAACCACTGGTGGACCTGCCAATT']","['AATTGGCAGGTCCACCAGTGGTTCCAAGNNAGA', 'AATTGGCAGGTCCACCAGTGGTTCCAACNNAGA']","['CTGCCACAGGGCTTCTCTNNCTTGGAA', 'TGCCACAGGGCTTCTCTNNGTTGGA']","['TTCCAAGNNAGAGAAGCCCTGTGGCAG', 'TCCAACNNAGAGAAGCCCTGTGGCA']"
245,241,H,H,"['CTGNNCAGGTCCTACCTGACACCTGTGGACTCC', 'CTGNNGAGGTCCTACCTGACACCTGTGGACTCC']","['GGAGTCCACAGGTGTCAGGTAGGACCTGNNCAG', 'GGAGTCCACAGGTGTCAGGTAGGACCTCNNCAG']","['ACCCTGCTGGCTCTGNNCAGGT', 'GACCCTGCTGGCTCTGNNGAGGTC']","['ACCTGNNCAGAGCCAGCAGGGT', 'GACCTCNNCAGAGCCAGCAGGGTC']"
252,248,V,G,"['CCTNNCGACTCCTCCTCTGGCTGGACAGCAGGA', 'CCTNNGGACTCCTCCTCTGGCTGGACAGCAGGA']","['TCCTGCTGTCCAGCCAGAGGAGGAGTCGNNAGG', 'TCCTGCTGTCCAGCCAGAGGAGGAGTCCNNAGG']","['AGGTCCTACCTGACACCTNNCGACTCC', 'AGGTCCTACCTGACACCTNNGGACTCC']","['GGAGTCGNNAGGTGTCAGGTAGGACCT', 'GGAGTCCNNAGGTGTCAGGTAGGACCT']"
255,251,S,S,"['TCCNNCTCTGGCTGGACAGCAGGAGCAGCAGCC', 'TCCNNGTCTGGCTGGACAGCAGGAGCAGCAGCC']","['GGCTGCTGCTCCTGCTGTCCAGCCAGAGNNGGA', 'GGCTGCTGCTCCTGCTGTCCAGCCAGACNNGGA']","['TGACACCTGTGGACTCCNNCTCTGGC', 'TGACACCTGTGGACTCCNNGTCTGGC']","['GCCAGAGNNGGAGTCCACAGGTGTCA', 'GCCAGACNNGGAGTCCACAGGTGTCA']"
256,252,S,S,"['TCCNNCGGCTGGACAGCAGGAGCAGCAGCCTAC', 'TCCNNGGGCTGGACAGCAGGAGCAGCAGCCTAC']","['GTAGGCTGCTGCTCCTGCTGTCCAGCCGNNGGA', 'GTAGGCTGCTGCTCCTGCTGTCCAGCCCNNGGA']","['ACCTGTGGACTCCTCCNNCGGCT', 'ACCTGTGGACTCCTCCNNGGGCT']","['AGCCGNNGGAGGAGTCCACAGGT', 'AGCCCNNGGAGGAGTCCACAGGT']"
323,319,T,T,"['CCANNCGAGAGCATTGTGAGGTTTCCAAACATC', 'CCANNGGAGAGCATTGTGAGGTTTCCAAACATC']","['GATGTTTGGAAACCTCACAATGCTCTCGNNTGG', 'GATGTTTGGAAACCTCACAATGCTCTCCNNTGG']","['ACTTCAGGGTCCAACCANNCGAGAGC', 'AACTTCAGGGTCCAACCANNGGAGAGC']","['GCTCTCGNNTGGTTGGACCCTGAAGT', 'GCTCTCCNNTGGTTGGACCCTGAAGTT']"
339,335,H,G,"['TTTNNCGAGGTGTTCAATGCCACCACCTTTGCC', 'TTTNNGGAGGTGTTCAATGCCACCACCTTTGCC']","['GGCAAAGGTGGTGGCATTGAACACCTCGNNAAA', 'GGCAAAGGTGGTGGCATTGAACACCTCCNNAAA']","['ACCAACCTGTGTCCATTTNNCGAGGTGT', 'ACCAACCTGTGTCCATTTNNGGAGGTGT']","['ACACCTCGNNAAATGGACACAGGTTGGT', 'ACACCTCCNNAAATGGACACAGGTTGGT']"
346,342,T,R,"['ACCNNCTTTGCCTCTGTCTATGCCTGGAACAGG', 'ACCNNGTTTGCCTCTGTCTATGCCTGGAACAGG']","['CCTGTTCCAGGCATAGACAGAGGCAAAGNNGGT', 'CCTGTTCCAGGCATAGACAGAGGCAAACNNGGT']","['AGGTGTTCAATGCCACCNNCTTTGCC', 'AGGTGTTCAATGCCACCNNGTTTGCC']","['GGCAAAGNNGGTGGCATTGAACACCT', 'GGCAAACNNGGTGGCATTGAACACCT']"
347,343,F,F,"['ACCNNCGCCTCTGTCTATGCCTGGAACAGGAAG', 'ACCNNGGCCTCTGTCTATGCCTGGAACAGGAAG']","['CTTCCTGTTCCAGGCATAGACAGAGGCGNNGGT', 'CTTCCTGTTCCAGGCATAGACAGAGGCCNNGGT']","['GTTCAATGCCACCACCNNCGCCTC', 'GTTCAATGCCACCACCNNGGCCTC']","['GAGGCGNNGGTGGTGGCATTGAAC', 'GAGGCCNNGGTGGTGGCATTGAAC']"
348,344,A,A,"['TTTNNCTCTGTCTATGCCTGGAACAGGAAGAGG', 'TTTNNGTCTGTCTATGCCTGGAACAGGAAGAGG']","['CCTCTTCCTGTTCCAGGCATAGACAGAGNNAAA', 'CCTCTTCCTGTTCCAGGCATAGACAGACNNAAA']","['GTGTTCAATGCCACCACCTTTNNCTCTGTCTAT', 'TGTTCAATGCCACCACCTTTNNGTCTGTCTA']","['ATAGACAGAGNNAAAGGTGGTGGCATTGAACAC', 'TAGACAGACNNAAAGGTGGTGGCATTGAACA']"
352,348,A,A,"['CTATNNCTGGAACAGGAAGAGGATTAGCAACTGTG', 'TATNNGTGGAACAGGAAGAGGATTAGCAACTGTG']","['CACAGTTGCTAATCCTCTTCCTGTTCCAGNNATAG', 'CACAGTTGCTAATCCTCTTCCTGTTCCACNNATA']","['CCACCTTTGCCTCTGTCTATNNCTGGAACAG', 'CCACCTTTGCCTCTGTCTATNNGTGGAACAG']","['CTGTTCCAGNNATAGACAGAGGCAAAGGTGG', 'CTGTTCCACNNATAGACAGAGGCAAAGGTGG']"
356,352,K,K,"['AGGNNCAGGATTAGCAACTGTGTGGCTGACTAC', 'AGGNNGAGGATTAGCAACTGTGTGGCTGACTAC']","['GTAGTCAGCCACACAGTTGCTAATCCTGNNCCT', 'GTAGTCAGCCACACAGTTGCTAATCCTCNNCCT']","['CTGTCTATGCCTGGAACAGGNNCAGGATTAG', 'CTGTCTATGCCTGGAACAGGNNGAGGATTAGC']","['CTAATCCTGNNCCTGTTCCAGGCATAGACAG', 'GCTAATCCTCNNCCTGTTCCAGGCATAGACAG']"
357,353,R,R,"['AAGNNCATTAGCAACTGTGTGGCTGACTACTCT', 'AAGNNGATTAGCAACTGTGTGGCTGACTACTCT']","['AGAGTAGTCAGCCACACAGTTGCTAATGNNCTT', 'AGAGTAGTCAGCCACACAGTTGCTAATCNNCTT']","['TCTATGCCTGGAACAGGAAGNNCATTAGCAA', 'TCTATGCCTGGAACAGGAAGNNGATTAGCAAC']","['TTGCTAATGNNCTTCCTGTTCCAGGCATAGA', 'GTTGCTAATCNNCTTCCTGTTCCAGGCATAGA']"
368,364,I,L,"['GTGNNCTACAACTTCGCCCCCTTCTTCGCCTTC', 'GTGNNGTACAACTTCGCCCCCTTCTTCGCCTTC']","['GAAGGCGAAGAAGGGGGCGAAGTTGTAGNNCAC', 'GAAGGCGAAGAAGGGGGCGAAGTTGTACNNCAC']","['GTGTGGCTGACTACTCTGTGNNCTACAACTT', 'GTGTGGCTGACTACTCTGTGNNGTACAACTT']","['AAGTTGTAGNNCACAGAGTAGTCAGCCACAC', 'AAGTTGTACNNCACAGAGTAGTCAGCCACAC']"
371,367,F,S,"['AACNNCGCCCCCTTCTTCGCCTTCAAGTGTTAT', 'AACNNGGCCCCCTTCTTCGCCTTCAAGTGTTAT']","['ATAACACTTGAAGGCGAAGAAGGGGGCGNNGTT', 'ATAACACTTGAAGGCGAAGAAGGGGGCCNNGTT']","['TACTCTGTGATCTACAACNNCGCCCCCT', 'TACTCTGTGATCTACAACNNGGCCCCCT']","['AGGGGGCGNNGTTGTAGATCACAGAGTA', 'AGGGGGCCNNGTTGTAGATCACAGAGTA']"
373,369,P,S,"['GCCNNCTTCTTCGCCTTCAAGTGTTATGGAGTG', 'GCCNNGTTCTTCGCCTTCAAGTGTTATGGAGTG']","['CACTCCATAACACTTGAAGGCGAAGAAGNNGGC', 'CACTCCATAACACTTGAAGGCGAAGAACNNGGC']","['TGTGATCTACAACTTCGCCNNCTTCTTCGC', 'TGTGATCTACAACTTCGCCNNGTTCTTCGC']","['GCGAAGAAGNNGGCGAAGTTGTAGATCACA', 'GCGAAGAACNNGGCGAAGTTGTAGATCACA']"
375,371,F,S,"['TTCNNCGCCTTCAAGTGTTATGGAGTGAGCCCA', 'TTCNNGGCCTTCAAGTGTTATGGAGTGAGCCCA']","['TGGGCTCACTCCATAACACTTGAAGGCGNNGAA', 'TGGGCTCACTCCATAACACTTGAAGGCCNNGAA']","['AACTTCGCCCCCTTCNNCGCCT', 'AACTTCGCCCCCTTCNNGGCCT']","['AGGCGNNGAAGGGGGCGAAGTT', 'AGGCCNNGAAGGGGGCGAAGTT']"
376,372,A,T,"['TTCNNCTTCAAGTGTTATGGAGTGAGCCCAACC', 'TTCNNGTTCAAGTGTTATGGAGTGAGCCCAACC']","['GGTTGGGCTCACTCCATAACACTTGAAGNNGAA', 'GGTTGGGCTCACTCCATAACACTTGAACNNGAA']","['AACTTCGCCCCCTTCTTCNNCTTCAAGT', 'AACTTCGCCCCCTTCTTCNNGTTCAAGT']","['ACTTGAAGNNGAAGAAGGGGGCGAAGTT', 'ACTTGAACNNGAAGAAGGGGGCGAAGTT']"
383,379,S,S,"['GTGNNCCCAACCAAACTGAATGACCTGTGTTTC', 'GTGNNGCCAACCAAACTGAATGACCTGTGTTTC']","['GAAACACAGGTCATTCAGTTTGGTTGGGNNCAC', 'GAAACACAGGTCATTCAGTTTGGTTGGCNNCAC']","['CCTTCAAGTGTTATGGAGTGNNCCCAACCAA', 'CCTTCAAGTGTTATGGAGTGNNGCCAACCAA']","['TTGGTTGGGNNCACTCCATAACACTTGAAGG', 'TTGGTTGGCNNCACTCCATAACACTTGAAGG']"
385,381,T,T,"['CCANNCAAACTGAATGACCTGTGTTTCACCAAT', 'CCANNGAAACTGAATGACCTGTGTTTCACCAATG']","['ATTGGTGAAACACAGGTCATTCAGTTTGNNTGG', 'CATTGGTGAAACACAGGTCATTCAGTTTCNNTGG']","['AGTGTTATGGAGTGAGCCCANNCAAACTGAA', 'AAGTGTTATGGAGTGAGCCCANNGAAACTGAATG']","['TTCAGTTTGNNTGGGCTCACTCCATAACACT', 'CATTCAGTTTCNNTGGGCTCACTCCATAACACTT']"
403,399,R,R,"['ATTNNCGGAAACGAGGTGAGCCAGATTGCCCCT', 'ATTNNGGGAAACGAGGTGAGCCAGATTGCCCCT']","['AGGGGCAATCTGGCTCACCTCGTTTCCGNNAAT', 'AGGGGCAATCTGGCTCACCTCGTTTCCCNNAAT']","['TGCTGACTCCTTTGTGATTNNCGGAAACGA', 'TGCTGACTCCTTTGTGATTNNGGGAAACGA']","['TCGTTTCCGNNAATCACAAAGGAGTCAGCA', 'TCGTTTCCCNNAATCACAAAGGAGTCAGCA']"
405,401,N,D,"['GGANNCGAGGTGAGCCAGATTGCCCCTGGACAA', 'GGANNGGAGGTGAGCCAGATTGCCCCTGGACAA']","['TTGTCCAGGGGCAATCTGGCTCACCTCGNNTCC', 'TTGTCCAGGGGCAATCTGGCTCACCTCCNNTCC']","['CTCCTTTGTGATTAGGGGANNCGAGGTGAG', 'ACTCCTTTGTGATTAGGGGANNGGAGGTGAG']","['CTCACCTCGNNTCCCCTAATCACAAAGGAG', 'CTCACCTCCNNTCCCCTAATCACAAAGGAGT']"
408,404,S,R,"['GTGNNCCAGATTGCCCCTGGACAAACAGGCAAC', 'GTGNNGCAGATTGCCCCTGGACAAACAGGCAAC']","['GTTGCCTGTTTGTCCAGGGGCAATCTGGNNCAC', 'GTTGCCTGTTTGTCCAGGGGCAATCTGCNNCAC']","['GATTAGGGGAAACGAGGTGNNCCAGATTGC', 'GATTAGGGGAAACGAGGTGNNGCAGATTGC']","['GCAATCTGGNNCACCTCGTTTCCCCTAATC', 'GCAATCTGCNNCACCTCGTTTCCCCTAATC']"
417,413,N,K,"['GGCNNCATTGCTGACTACAACTACAAACTGCCT', 'GGCNNGATTGCTGACTACAACTACAAACTGCCT']","['AGGCAGTTTGTAGTTGTAGTCAGCAATGNNGCC', 'AGGCAGTTTGTAGTTGTAGTCAGCAATCNNGCC']","['CCCCTGGACAAACAGGCNNCATTGC', 'CCCCTGGACAAACAGGCNNGATTGC']","['GCAATGNNGCCTGTTTGTCCAGGGG', 'GCAATCNNGCCTGTTTGTCCAGGGG']"
420,416,D,D,"['GCTNNCTACAACTACAAACTGCCTGATGACTTCA', 'GCTNNGTACAACTACAAACTGCCTGATGACTTCA']","['TGAAGTCATCAGGCAGTTTGTAGTTGTAGNNAGC', 'TGAAGTCATCAGGCAGTTTGTAGTTGTACNNAGC']","['GGACAAACAGGCAACATTGCTNNCTACAACTAC', 'GGACAAACAGGCAACATTGCTNNGTACAACTAC']","['GTAGTTGTAGNNAGCAATGTTGCCTGTTTGTCC', 'GTAGTTGTACNNAGCAATGTTGCCTGTTTGTCC']"
421,417,Y,Y,"['GACNNCAACTACAAACTGCCTGATGACTTCACA', 'GACNNGAACTACAAACTGCCTGATGACTTCACA']","['TGTGAAGTCATCAGGCAGTTTGTAGTTGNNGTC', 'TGTGAAGTCATCAGGCAGTTTGTAGTTCNNGTC']","['AAACAGGCAACATTGCTGACNNCAACTACAAA', 'AAACAGGCAACATTGCTGACNNGAACTACAAA']","['TTTGTAGTTGNNGTCAGCAATGTTGCCTGTTT', 'TTTGTAGTTCNNGTCAGCAATGTTGCCTGTTT']"
439,435,N,N,"['AGCNNCAAGCTGGACAGCAAGCCCAGCGGCAAC', 'AGCNNGAAGCTGGACAGCAAGCCCAGCGGCAAC']","['GTTGCCGCTGGGCTTGCTGTCCAGCTTGNNGCT', 'GTTGCCGCTGGGCTTGCTGTCCAGCTTCNNGCT']","['GTGATTGCCTGGAACAGCNNCAAGCTG', 'TGATTGCCTGGAACAGCNNGAAGCTG']","['CAGCTTGNNGCTGTTCCAGGCAATCAC', 'CAGCTTCNNGCTGTTCCAGGCAATCA']"
440,436,K,N,"['AACNNCCTGGACAGCAAGCCCAGCGGCAACTAC', 'AACNNGCTGGACAGCAAGCCCAGCGGCAACTAC']","['GTAGTTGCCGCTGGGCTTGCTGTCCAGGNNGTT', 'GTAGTTGCCGCTGGGCTTGCTGTCCAGCNNGTT']","['TGCCTGGAACAGCAACNNCCTGGA', 'TGCCTGGAACAGCAACNNGCTGG']","['TCCAGGNNGTTGCTGTTCCAGGCA', 'CCAGCNNGTTGCTGTTCCAGGCA']"
444,440,K,K,"['AGCNNCCCCAGCGGCAACTACAACTACCTCTAC', 'AGCNNGCCCAGCGGCAACTACAACTACCTCTAC']","['GTAGAGGTAGTTGTAGTTGCCGCTGGGGNNGCT', 'GTAGAGGTAGTTGTAGTTGCCGCTGGGCNNGCT']","['GCAACAAGCTGGACAGCNNCCCCAG', 'CAACAAGCTGGACAGCNNGCCCA']","['CTGGGGNNGCTGTCCAGCTTGTTGC', 'TGGGCNNGCTGTCCAGCTTGTTG']"
445,441,P,V,"['AAGNNCAGCGGCAACTACAACTACCTCTACAGA', 'AAGNNGAGCGGCAACTACAACTACCTCTACAGA']","['TCTGTAGAGGTAGTTGTAGTTGCCGCTGNNCTT', 'TCTGTAGAGGTAGTTGTAGTTGCCGCTCNNCTT']","['CAAGCTGGACAGCAAGNNCAGCGG', 'CAAGCTGGACAGCAAGNNGAGCGG']","['CCGCTGNNCTTGCTGTCCAGCTTG', 'CCGCTCNNCTTGCTGTCCAGCTTG']"
446,442,S,G,"['CCCNNCGGCAACTACAACTACCTCTACAGACTG', 'CCCNNGGGCAACTACAACTACCTCTACAGACTG']","['CAGTCTGTAGAGGTAGTTGTAGTTGCCGNNGGG', 'CAGTCTGTAGAGGTAGTTGTAGTTGCCCNNGGG']","['CTGGACAGCAAGCCCNNCGGC', 'CTGGACAGCAAGCCCNNGGGC']","['GCCGNNGGGCTTGCTGTCCAG', 'GCCCNNGGGCTTGCTGTCCAG']"
447,443,G,G,"['AGCNNCAACTACAACTACCTCTACAGACTGTTCA', 'AGCNNGAACTACAACTACCTCTACAGACTGTTCA']","['TGAACAGTCTGTAGAGGTAGTTGTAGTTGNNGCT', 'TGAACAGTCTGTAGAGGTAGTTGTAGTTCNNGCT']","['TGGACAGCAAGCCCAGCNNCAACTA', 'TGGACAGCAAGCCCAGCNNGAACTA']","['TAGTTGNNGCTGGGCTTGCTGTCCA', 'TAGTTCNNGCTGGGCTTGCTGTCCA']"
449,445,Y,Y,"['AACNNCAACTACCTCTACAGACTGTTCAGGAAGA', 'AACNNGAACTACCTCTACAGACTGTTCAGGAAGA']","['TCTTCCTGAACAGTCTGTAGAGGTAGTTGNNGTT', 'TCTTCCTGAACAGTCTGTAGAGGTAGTTCNNGTT']","['CAAGCCCAGCGGCAACNNCAACT', 'CAAGCCCAGCGGCAACNNGAACT']","['AGTTGNNGTTGCCGCTGGGCTTG', 'AGTTCNNGTTGCCGCTGGGCTTG']"
450,446,N,N,"['TACNNCTACCTCTACAGACTGTTCAGGAAGAGC', 'TACNNGTACCTCTACAGACTGTTCAGGAAGAGC']","['GCTCTTCCTGAACAGTCTGTAGAGGTAGNNGTA', 'GCTCTTCCTGAACAGTCTGTAGAGGTACNNGTA']","['GCCCAGCGGCAACTACNNCTACCT', 'GCCCAGCGGCAACTACNNGTACC']","['AGGTAGNNGTAGTTGCCGCTGGGC', 'GGTACNNGTAGTTGCCGCTGGGC']"
451,447,Y,Y,"['AACNNCCTCTACAGACTGTTCAGGAAGAGCAAG', 'AACNNGCTCTACAGACTGTTCAGGAAGAGCAAG']","['CTTGCTCTTCCTGAACAGTCTGTAGAGGNNGTT', 'CTTGCTCTTCCTGAACAGTCTGTAGAGCNNGTT']","['CCCAGCGGCAACTACAACNNCCTCTAC', 'CCAGCGGCAACTACAACNNGCTCTAC']","['GTAGAGGNNGTTGTAGTTGCCGCTGGG', 'GTAGAGCNNGTTGTAGTTGCCGCTGG']"
452,448,L,L,"['TACNNCTACAGACTGTTCAGGAAGAGCAAGCTG', 'TACNNGTACAGACTGTTCAGGAAGAGCAAGCTG']","['CAGCTTGCTCTTCCTGAACAGTCTGTAGNNGTA', 'CAGCTTGCTCTTCCTGAACAGTCTGTACNNGTA']","['CAGCGGCAACTACAACTACNNCTACAGACT', 'CAGCGGCAACTACAACTACNNGTACAGACT']","['AGTCTGTAGNNGTAGTTGTAGTTGCCGCTG', 'AGTCTGTACNNGTAGTTGTAGTTGCCGCTG']"
453,449,Y,Y,"['CTCNNCAGACTGTTCAGGAAGAGCAAGCTGAAA', 'CTCNNGAGACTGTTCAGGAAGAGCAAGCTGAAA']","['TTTCAGCTTGCTCTTCCTGAACAGTCTGNNGAG', 'TTTCAGCTTGCTCTTCCTGAACAGTCTCNNGAG']","['CGGCAACTACAACTACCTCNNCAGACTGTT', 'CGGCAACTACAACTACCTCNNGAGACTGT']","['AACAGTCTGNNGAGGTAGTTGTAGTTGCCG', 'ACAGTCTCNNGAGGTAGTTGTAGTTGCCG']"
455,451,L,L,"['AGANNCTTCAGGAAGAGCAAGCTGAAACCATTT', 'AGANNGTTCAGGAAGAGCAAGCTGAAACCATTT']","['AAATGGTTTCAGCTTGCTCTTCCTGAAGNNTCT', 'AAATGGTTTCAGCTTGCTCTTCCTGAACNNTCT']","['GCAACTACAACTACCTCTACAGANNCTTCAGGAAGAG', 'GCAACTACAACTACCTCTACAGANNGTTCAGGAAGAG']","['CTCTTCCTGAAGNNTCTGTAGAGGTAGTTGTAGTTGC', 'CTCTTCCTGAACNNTCTGTAGAGGTAGTTGTAGTTGC']"
456,452,F,F,"['CTGNNCAGGAAGAGCAAGCTGAAACCATTTGAG', 'CTGNNGAGGAAGAGCAAGCTGAAACCATTTGAG']","['CTCAAATGGTTTCAGCTTGCTCTTCCTGNNCAG', 'CTCAAATGGTTTCAGCTTGCTCTTCCTCNNCAG']","['ACAACTACCTCTACAGACTGNNCAGGAAGAGC', 'ACAACTACCTCTACAGACTGNNGAGGAAGAGC']","['GCTCTTCCTGNNCAGTCTGTAGAGGTAGTTGT', 'GCTCTTCCTCNNCAGTCTGTAGAGGTAGTTGT']"
460,456,K,N,"['AGCNNCCTGAAACCATTTGAGAGGGACATCAGC', 'AGCNNGCTGAAACCATTTGAGAGGGACATCAGC']","['GCTGATGTCCCTCTCAAATGGTTTCAGGNNGCT', 'GCTGATGTCCCTCTCAAATGGTTTCAGCNNGCT']","['CAGACTGTTCAGGAAGAGCNNCCTGAAACC', 'CAGACTGTTCAGGAAGAGCNNGCTGAAAC']","['GGTTTCAGGNNGCTCTTCCTGAACAGTCTG', 'GTTTCAGCNNGCTCTTCCTGAACAGTCTG']"
462,458,K,K,"['CTGNNCCCATTTGAGAGGGACATCAGCACAGAG', 'CTGNNGCCATTTGAGAGGGACATCAGCACAGAG']","['CTCTGTGCTGATGTCCCTCTCAAATGGGNNCAG', 'CTCTGTGCTGATGTCCCTCTCAAATGGCNNCAG']","['GTTCAGGAAGAGCAAGCTGNNCCCATTTG', 'GTTCAGGAAGAGCAAGCTGNNGCCATTTG']","['CAAATGGGNNCAGCTTGCTCTTCCTGAAC', 'CAAATGGCNNCAGCTTGCTCTTCCTGAAC']"
468,464,I,I,"['GACNNCAGCACAGAGATTTACCAGGCTGGCAAC', 'GACNNGAGCACAGAGATTTACCAGGCTGGCAAC']","['GTTGCCAGCCTGGTAAATCTCTGTGCTGNNGTC', 'GTTGCCAGCCTGGTAAATCTCTGTGCTCNNGTC']","['GAAACCATTTGAGAGGGACNNCAGCACAGA', 'GAAACCATTTGAGAGGGACNNGAGCACAGA']","['TCTGTGCTGNNGTCCCTCTCAAATGGTTTC', 'TCTGTGCTCNNGTCCCTCTCAAATGGTTTC']"
472,468,I,I,"['GAGNNCTACCAGGCTGGCAACAAGCCATGTAAT', 'GAGNNGTACCAGGCTGGCAACAAGCCATGTAAT']","['ATTACATGGCTTGTTGCCAGCCTGGTAGNNCTC', 'ATTACATGGCTTGTTGCCAGCCTGGTACNNCTC']","['AGGGACATCAGCACAGAGNNCTACCAGG', 'AGGGACATCAGCACAGAGNNGTACCAGG']","['CCTGGTAGNNCTCTGTGCTGATGTCCCT', 'CCTGGTACNNCTCTGTGCTGATGTCCCT']"
473,469,Y,Y,"['ATTNNCCAGGCTGGCAACAAGCCATGTAATGGA', 'ATTNNGCAGGCTGGCAACAAGCCATGTAATGGA']","['TCCATTACATGGCTTGTTGCCAGCCTGGNNAAT', 'TCCATTACATGGCTTGTTGCCAGCCTGCNNAAT']","['GGACATCAGCACAGAGATTNNCCAGGCTG', 'GACATCAGCACAGAGATTNNGCAGGCTG']","['CAGCCTGGNNAATCTCTGTGCTGATGTCC', 'CAGCCTGCNNAATCTCTGTGCTGATGTC']"
475,471,A,A,"['CAGNNCGGCAACAAGCCATGTAATGGAGTGGCC', 'CAGNNGGGCAACAAGCCATGTAATGGAGTGGCC']","['GGCCACTCCATTACATGGCTTGTTGCCGNNCTG', 'GGCCACTCCATTACATGGCTTGTTGCCCNNCTG']","['AGCACAGAGATTTACCAGNNCGGCAACA', 'AGCACAGAGATTTACCAGNNGGGCAACA']","['TGTTGCCGNNCTGGTAAATCTCTGTGCT', 'TGTTGCCCNNCTGGTAAATCTCTGTGCT']"
477,473,N,S,"['GGCNNCAAGCCATGTAATGGAGTGGCCGGCCCC', 'GGCNNGAAGCCATGTAATGGAGTGGCCGGCCCC']","['GGGGCCGGCCACTCCATTACATGGCTTGNNGCC', 'GGGGCCGGCCACTCCATTACATGGCTTCNNGCC']","['AGATTTACCAGGCTGGCNNCAAGCCA', 'AGATTTACCAGGCTGGCNNGAAGCCA']","['TGGCTTGNNGCCAGCCTGGTAAATCT', 'TGGCTTCNNGCCAGCCTGGTAAATCT']"
478,474,K,T,"['AACNNCCCATGTAATGGAGTGGCCGGCCCCAAC', 'AACNNGCCATGTAATGGAGTGGCCGGCCCCAAC']","['GTTGGGGCCGGCCACTCCATTACATGGGNNGTT', 'GTTGGGGCCGGCCACTCCATTACATGGCNNGTT']","['TTTACCAGGCTGGCAACNNCCCATGT', 'TTTACCAGGCTGGCAACNNGCCATG']","['ACATGGGNNGTTGCCAGCCTGGTAAA', 'CATGGCNNGTTGCCAGCCTGGTAAA']"
483,479,V,V,"['GGANNCGCCGGCCCCAACTGTTACTTTCCACTC', 'GGANNGGCCGGCCCCAACTGTTACTTTCCACTC']","['GAGTGGAAAGTAACAGTTGGGGCCGGCGNNTCC', 'GAGTGGAAAGTAACAGTTGGGGCCGGCCNNTCC']","['ACAAGCCATGTAATGGANNCGCCGGC', 'ACAAGCCATGTAATGGANNGGCCGGC']","['GCCGGCGNNTCCATTACATGGCTTGT', 'GCCGGCCNNTCCATTACATGGCTTGT']"
484,480,A,E,"['GTGNNCGGCCCCAACTGTTACTTTCCACTCCAA', 'GTGNNGGGCCCCAACTGTTACTTTCCACTCCAA']","['TTGGAGTGGAAAGTAACAGTTGGGGCCGNNCAC', 'TTGGAGTGGAAAGTAACAGTTGGGGCCCNNCAC']","['GCCATGTAATGGAGTGNNCGGCCC', 'AGCCATGTAATGGAGTGNNGGGCCC']","['GGGCCGNNCACTCCATTACATGGC', 'GGGCCCNNCACTCCATTACATGGCT']"
485,481,G,G,"['GCCNNCCCCAACTGTTACTTTCCACTCCAATCC', 'GCCNNGCCCAACTGTTACTTTCCACTCCAATCC']","['GGATTGGAGTGGAAAGTAACAGTTGGGGNNGGC', 'GGATTGGAGTGGAAAGTAACAGTTGGGCNNGGC']","['CCATGTAATGGAGTGGCCNNCCCCAAC', 'CATGTAATGGAGTGGCCNNGCCCAAC']","['GTTGGGGNNGGCCACTCCATTACATGG', 'GTTGGGCNNGGCCACTCCATTACATG']"
486,482,P,F,"['GGCNNCAACTGTTACTTTCCACTCCAATCCTAT', 'GGCNNGAACTGTTACTTTCCACTCCAATCCTAT']","['ATAGGATTGGAGTGGAAAGTAACAGTTGNNGCC', 'ATAGGATTGGAGTGGAAAGTAACAGTTCNNGCC']","['GTAATGGAGTGGCCGGCNNCAACTG', 'GTAATGGAGTGGCCGGCNNGAACTG']","['CAGTTGNNGCCGGCCACTCCATTAC', 'CAGTTCNNGCCGGCCACTCCATTAC']"
490,486,F,F,"['TACNNCCCACTCCAATCCTATGGCTTCAGGCCA', 'TACNNGCCACTCCAATCCTATGGCTTCAGGCCA']","['TGGCCTGAAGCCATAGGATTGGAGTGGGNNGTA', 'TGGCCTGAAGCCATAGGATTGGAGTGGCNNGTA']","['CGGCCCCAACTGTTACNNCCCACT', 'CGGCCCCAACTGTTACNNGCCAC']","['AGTGGGNNGTAACAGTTGGGGCCG', 'GTGGCNNGTAACAGTTGGGGCCG']"
494,490,S,S,"['CAANNCTATGGCTTCAGGCCAACCTACGGAGTG', 'CAANNGTATGGCTTCAGGCCAACCTACGGAGTG']","['CACTCCGTAGGTTGGCCTGAAGCCATAGNNTTG', 'CACTCCGTAGGTTGGCCTGAAGCCATACNNTTG']","['CAACTGTTACTTTCCACTCCAANNCTATGGCTTCA', 'CAACTGTTACTTTCCACTCCAANNGTATGGCTTCA']","['TGAAGCCATAGNNTTGGAGTGGAAAGTAACAGTTG', 'TGAAGCCATACNNTTGGAGTGGAAAGTAACAGTTG']"
498,494,R,Q,"['TTCNNCCCAACCTACGGAGTGGGCCACCAACCA', 'TTCNNGCCAACCTACGGAGTGGGCCACCAACCA']","['TGGTTGGTGGCCCACTCCGTAGGTTGGGNNGAA', 'TGGTTGGTGGCCCACTCCGTAGGTTGGCNNGAA']","['ACTCCAATCCTATGGCTTCNNCCCAACCT', 'CTCCAATCCTATGGCTTCNNGCCAACCT']","['AGGTTGGGNNGAAGCCATAGGATTGGAGT', 'AGGTTGGCNNGAAGCCATAGGATTGGAG']"
501,497,Y,N,"['ACCNNCGGAGTGGGCCACCAACCATACAGGGTG', 'ACCNNGGGAGTGGGCCACCAACCATACAGGGTG']","['CACCCTGTATGGTTGGTGGCCCACTCCGNNGGT', 'CACCCTGTATGGTTGGTGGCCCACTCCCNNGGT']","['TGGCTTCAGGCCAACCNNCGGAG', 'TGGCTTCAGGCCAACCNNGGGAG']","['CTCCGNNGGTTGGCCTGAAGCCA', 'CTCCCNNGGTTGGCCTGAAGCCA']"
504,500,G,G,"['GTGNNCCACCAACCATACAGGGTGGTGGTGCTG', 'GTGNNGCACCAACCATACAGGGTGGTGGTGCTG']","['CAGCACCACCACCCTGTATGGTTGGTGGNNCAC', 'CAGCACCACCACCCTGTATGGTTGGTGCNNCAC']","['GCCAACCTACGGAGTGNNCCACCA', 'GCCAACCTACGGAGTGNNGCACCA']","['TGGTGGNNCACTCCGTAGGTTGGC', 'TGGTGCNNCACTCCGTAGGTTGGC']"
505,501,H,Y,"['GGCNNCCAACCATACAGGGTGGTGGTGCTGTCC', 'GGCNNGCAACCATACAGGGTGGTGGTGCTGTCC']","['GGACAGCACCACCACCCTGTATGGTTGGNNGCC', 'GGACAGCACCACCACCCTGTATGGTTGCNNGCC']","['AACCTACGGAGTGGGCNNCCAACC', 'AACCTACGGAGTGGGCNNGCAACC']","['GGTTGGNNGCCCACTCCGTAGGTT', 'GGTTGCNNGCCCACTCCGTAGGTT']"
547,543,T,T,"['CTGNNCGGCACAGGAGTGCTGACAGAGAGCAAC', 'CTGNNGGGCACAGGAGTGCTGACAGAGAGCAAC']","['GTTGCTCTCTGTCAGCACTCCTGTGCCGNNCAG', 'GTTGCTCTCTGTCAGCACTCCTGTGCCCNNCAG']","['TTCAACTTCAATGGACTGNNCGGCACAG', 'CTTCAACTTCAATGGACTGNNGGGCACAGG']","['CTGTGCCGNNCAGTCCATTGAAGTTGAA', 'CCTGTGCCCNNCAGTCCATTGAAGTTGAAG']"
572,568,T,T,"['GACNNCACAGATGCTGTGAGGGACCCACAGACC', 'GACNNGACAGATGCTGTGAGGGACCCACAGACC']","['GGTCTGTGGGTCCCTCACAGCATCTGTGNNGTC', 'GGTCTGTGGGTCCCTCACAGCATCTGTCNNGTC']","['GGCAGGGACATTGCTGACNNCACAGAT', 'GGCAGGGACATTGCTGACNNGACAGAT']","['ATCTGTGNNGTCAGCAATGTCCCTGCC', 'ATCTGTCNNGTCAGCAATGTCCCTGCC']"
583,579,E,E,"['TTGNNCATTCTGGACATCACACCATGTTCCTTT', 'TTGNNGATTCTGGACATCACACCATGTTCCTTT']","['AAAGGAACATGGTGTGATGTCCAGAATGNNCAA', 'AAAGGAACATGGTGTGATGTCCAGAATCNNCAA']","['AGGGACCCACAGACCTTGNNCATTCTG', 'AGGGACCCACAGACCTTGNNGATTCTGG']","['CAGAATGNNCAAGGTCTGTGGGTCCCT', 'CCAGAATCNNCAAGGTCTGTGGGTCCCT']"
613,609,Q,Q,"['TACNNCGGTGTGAACTGTACTGAGGTGCCTGTG', 'TACNNGGGTGTGAACTGTACTGAGGTGCCTGTG']","['CACAGGCACCTCAGTACAGTTCACACCGNNGTA', 'CACAGGCACCTCAGTACAGTTCACACCCNNGTA']","['GGTGGCTGTGCTCTACNNCGGTGT', 'GGTGGCTGTGCTCTACNNGGGTGT']","['ACACCGNNGTAGAGCACAGCCACC', 'ACACCCNNGTAGAGCACAGCCACC']"
614,610,G,D,"['CAGNNCGTGAACTGTACTGAGGTGCCTGTGGCT', 'CAGNNGGTGAACTGTACTGAGGTGCCTGTGGCT']","['AGCCACAGGCACCTCAGTACAGTTCACGNNCTG', 'AGCCACAGGCACCTCAGTACAGTTCACCNNCTG']","['TGGCTGTGCTCTACCAGNNCGTGAA', 'TGGCTGTGCTCTACCAGNNGGTGAAC']","['TTCACGNNCTGGTAGAGCACAGCCA', 'GTTCACCNNCTGGTAGAGCACAGCCA']"
621,617,P,P,"['GTGNNCGTGGCTATCCATGCTGACCAACTTACA', 'GTGNNGGTGGCTATCCATGCTGACCAACTTACA']","['TGTAAGTTGGTCAGCATGGATAGCCACGNNCAC', 'TGTAAGTTGGTCAGCATGGATAGCCACCNNCAC']","['TGAACTGTACTGAGGTGNNCGTGGCT', 'GTGAACTGTACTGAGGTGNNGGTGGCT']","['AGCCACGNNCACCTCAGTACAGTTCA', 'AGCCACCNNCACCTCAGTACAGTTCAC']"
655,651,Y,H,"['GAGNNCGTGAACAACTCCTATGAGTGTGACATC', 'GAGNNGGTGAACAACTCCTATGAGTGTGACATC']","['GATGTCACACTCATAGGAGTTGTTCACGNNCTC', 'GATGTCACACTCATAGGAGTTGTTCACCNNCTC']","['TGTCTGATTGGAGCAGAGNNCGTGAACA', 'CTGTCTGATTGGAGCAGAGNNGGTGAACA']","['TGTTCACGNNCTCTGCTCCAATCAGACA', 'TGTTCACCNNCTCTGCTCCAATCAGACAG']"
679,675,K,N,"['ACCNNCAGCCACAGGAGGGCAAGGTCTGTGGCA', 'ACCNNGAGCCACAGGAGGGCAAGGTCTGTGGCA']","['TGCCACAGACCTTGCCCTCCTGTGGCTGNNGGT', 'TGCCACAGACCTTGCCCTCCTGTGGCTCNNGGT']","['CCTACCAGACCCAGACCNNCAGCCA', 'CCTACCAGACCCAGACCNNGAGCCA']","['TGGCTGNNGGTCTGGGTCTGGTAGG', 'TGGCTCNNGGTCTGGGTCTGGTAGG']"
681,677,H,P,"['AGCNNCAGGAGGGCAAGGTCTGTGGCAAGCCAG', 'AGCNNGAGGAGGGCAAGGTCTGTGGCAAGCCAG']","['CTGGCTTGCCACAGACCTTGCCCTCCTGNNGCT', 'CTGGCTTGCCACAGACCTTGCCCTCCTCNNGCT']","['AGACCCAGACCAAGAGCNNCAGGAGG', 'AGACCCAGACCAAGAGCNNGAGGAGG']","['CCTCCTGNNGCTCTTGGTCTGGGTCT', 'CCTCCTCNNGCTCTTGGTCTGGGTCT']"
688,684,A,A,"['GTGNNCAGCCAGAGCATCATTGCCTACACAATG', 'GTGNNGAGCCAGAGCATCATTGCCTACACAATG']","['CATTGTGTAGGCAATGATGCTCTGGCTGNNCAC', 'CATTGTGTAGGCAATGATGCTCTGGCTCNNCAC']","['GAGGGCAAGGTCTGTGNNCAGCCA', 'GAGGGCAAGGTCTGTGNNGAGCCA']","['TGGCTGNNCACAGACCTTGCCCTC', 'TGGCTCNNCACAGACCTTGCCCTC']"
704,700,S,S,"['AACNNCGTGGCTTACAGCAACAACAGCATTGCC', 'AACNNGGTGGCTTACAGCAACAACAGCATTGCC']","['GGCAATGCTGTTGTTGCTGTAAGCCACGNNGTT', 'GGCAATGCTGTTGTTGCTGTAAGCCACCNNGTT']","['TCTGGGAGCAGAGAACNNCGTGGC', 'TCTGGGAGCAGAGAACNNGGTGGC']","['GCCACGNNGTTCTCTGCTCCCAGA', 'GCCACCNNGTTCTCTGCTCCCAGA']"
764,760,K,N,"['CTTNNCAGGGCTCTGACAGGCATTGCTGTGGAA', 'CTTNNGAGGGCTCTGACAGGCATTGCTGTGGAA']","['TTCCACAGCAATGCCTGTCAGAGCCCTGNNAAG', 'TTCCACAGCAATGCCTGTCAGAGCCCTCNNAAG']","['CTCCTTCTGTACCCAACTTNNCAGGGCTC', 'CTCCTTCTGTACCCAACTTNNGAGGGCTC']","['GAGCCCTGNNAAGTTGGGTACAGAAGGAG', 'GAGCCCTCNNAAGTTGGGTACAGAAGGAG']"
796,792,Y,D,"['AAGNNCTTTGGAGGCTTCAACTTCAGCCAGATT', 'AAGNNGTTTGGAGGCTTCAACTTCAGCCAGATT']","['AATCTGGCTGAAGTTGAAGCCTCCAAAGNNCTT', 'AATCTGGCTGAAGTTGAAGCCTCCAAACNNCTT']","['ACAAGACACCTCCAATCAAGNNCTTTGGAGG', 'ACAAGACACCTCCAATCAAGNNGTTTGGAGG']","['CCTCCAAAGNNCTTGATTGGAGGTGTCTTGT', 'CCTCCAAACNNCTTGATTGGAGGTGTCTTGT']"
883,879,T,T,"['ATCNNCTCTGGCTGGACCTTTGGAGCAGGAGCA', 'ATCNNGTCTGGCTGGACCTTTGGAGCAGGAGCA']","['TGCTCCTGCTCCAAAGGTCCAGCCAGAGNNGAT', 'TGCTCCTGCTCCAAAGGTCCAGCCAGACNNGAT']","['GCTGGCTGGCACCATCNNCTCTGG', 'GCTGGCTGGCACCATCNNGTCTG']","['CCAGAGNNGATGGTGCCAGCCAGC', 'CAGACNNGATGGTGCCAGCCAGC']"
954,950,H,Q,"['AACNNCAATGCCCAGGCTCTGAACACCCTGGTG', 'AACNNGAATGCCCAGGCTCTGAACACCCTGGTG']","['CACCAGGGTGTTCAGAGCCTGGGCATTGNNGTT', 'CACCAGGGTGTTCAGAGCCTGGGCATTCNNGTT']","['CTCCAAGATGTGGTGAACNNCAATGCCC', 'CTCCAAGATGTGGTGAACNNGAATGCCC']","['GGGCATTGNNGTTCACCACATCTTGGAG', 'GGGCATTCNNGTTCACCACATCTTGGAG']"
969,965,K,N,"['AGCNNCTTTGGAGCCATCTCCTCTGTGCTGAAT', 'AGCNNGTTTGGAGCCATCTCCTCTGTGCTGAAT']","['ATTCAGCACAGAGGAGATGGCTCCAAAGNNGCT', 'ATTCAGCACAGAGGAGATGGCTCCAAACNNGCT']","['GGTGAAGCAACTTTCCAGCNNCTTTGGAG', 'GGTGAAGCAACTTTCCAGCNNGTTTGGAG']","['CTCCAAAGNNGCTGGAAAGTTGCTTCACC', 'CTCCAAACNNGCTGGAAAGTTGCTTCACC']"
1143,1139,P,P,"['CAANNCGAACTGGACTCCTTCAAGGAGGAACTG', 'CAANNGGAACTGGACTCCTTCAAGGAGGAACTG']","['CAGTTCCTCCTTGAAGGAGTCCAGTTCGNNTTG', 'CAGTTCCTCCTTGAAGGAGTCCAGTTCCNNTTG']","['AGTCTATGACCCACTCCAANNCGAACTGGA', 'AGTCTATGACCCACTCCAANNGGAACTGGA']","['TCCAGTTCGNNTTGGAGTGGGTCATAGACT', 'TCCAGTTCCNNTTGGAGTGGGTCATAGACT']"
1162,1158,P,P,"['AGCNNCGATGTGGACCTGGGAGACATCTCTGGC', 'AGCNNGGATGTGGACCTGGGAGACATCTCTGGC']","['GCCAGAGATGTCTCCCAGGTCCACATCGNNGCT', 'GCCAGAGATGTCTCCCAGGTCCACATCCNNGCT']","['TTCAAGAACCACACCAGCNNCGATGTGG', 'TTCAAGAACCACACCAGCNNGGATGTGG']","['CCACATCGNNGCTGGTGTGGTTCTTGAA', 'CCACATCCNNGCTGGTGTGGTTCTTGAA']"
