reference_site,sequential_site,wildtype_aa,reference_aa,mutant_aa
2,2,F,F,C
2,2,F,F,L
2,2,F,F,S
3,3,V,V,A
3,3,V,V,F
3,3,V,V,G
3,3,V,V,I
3,3,V,V,L
4,4,F,F,I
4,4,F,F,L
4,4,F,F,S
5,5,L,L,F
5,5,L,L,I
5,5,L,L,S
6,6,V,V,A
6,6,V,V,C
6,6,V,V,F
6,6,V,V,I
6,6,V,V,L
7,7,L,L,F
7,7,L,L,I
8,8,L,L,F
8,8,L,L,V
8,8,L,L,W
9,9,P,P,L
9,9,P,P,Q
9,9,P,P,S
9,9,P,P,T
10,10,L,L,I
10,10,L,L,V
11,11,V,V,A
11,11,V,V,F
11,11,V,V,I
11,11,V,V,L
12,12,S,S,A
12,12,S,S,C
12,12,S,S,F
12,12,S,S,P
12,12,S,S,Y
13,13,S,S,-
13,13,S,S,C
13,13,S,S,G
13,13,S,S,I
13,13,S,S,N
13,13,S,S,T
14,14,Q,Q,-
14,14,Q,Q,E
14,14,Q,Q,H
14,14,Q,Q,K
14,14,Q,Q,L
14,14,Q,Q,R
15,15,C,C,-
15,15,C,C,F
15,15,C,C,R
15,15,C,C,S
15,15,C,C,Y
16,16,V,V,-
16,16,V,V,A
16,16,V,V,F
16,16,V,V,I
16,16,V,V,L
17,17,N,N,-
17,17,N,N,D
17,17,N,N,K
17,17,N,N,S
18,18,L,L,-
18,18,L,L,A
18,18,L,L,C
18,18,L,L,D
18,18,L,L,E
18,18,L,L,F
18,18,L,L,G
18,18,L,L,H
18,18,L,L,I
18,18,L,L,K
18,18,L,L,M
18,18,L,L,N
18,18,L,L,P
18,18,L,L,Q
18,18,L,L,R
18,18,L,L,S
18,18,L,L,T
18,18,L,L,V
18,18,L,L,W
18,18,L,L,Y
19,19,I,T,-
19,19,I,T,A
19,19,I,T,C
19,19,I,T,D
19,19,I,T,E
19,19,I,T,F
19,19,I,T,G
19,19,I,T,H
19,19,I,T,K
19,19,I,T,L
19,19,I,T,M
19,19,I,T,N
19,19,I,T,P
19,19,I,T,Q
19,19,I,T,R
19,19,I,T,S
19,19,I,T,T
19,19,I,T,V
19,19,I,T,W
19,19,I,T,Y
20,20,T,T,-
20,20,T,T,A
20,20,T,T,I
20,20,T,T,K
20,20,T,T,N
20,20,T,T,P
20,20,T,T,S
21,21,R,R,-
21,21,R,R,E
21,21,R,R,G
21,21,R,R,I
21,21,R,R,K
21,21,R,R,S
21,21,R,R,T
22,22,T,T,-
22,22,T,T,A
22,22,T,T,I
22,22,T,T,L
22,22,T,T,N
22,22,T,T,P
22,22,T,T,S
23,23,Q,Q,-
23,23,Q,Q,E
23,23,Q,Q,H
23,23,Q,Q,K
23,23,Q,Q,L
23,23,Q,Q,N
23,23,Q,Q,P
23,23,Q,Q,R
27,24,S,A,-
27,24,S,A,A
27,24,S,A,C
27,24,S,A,D
27,24,S,A,E
27,24,S,A,F
27,24,S,A,G
27,24,S,A,H
27,24,S,A,I
27,24,S,A,K
27,24,S,A,L
27,24,S,A,M
27,24,S,A,N
27,24,S,A,P
27,24,S,A,Q
27,24,S,A,R
27,24,S,A,T
27,24,S,A,V
27,24,S,A,W
27,24,S,A,Y
28,25,Y,Y,-
28,25,Y,Y,C
28,25,Y,Y,F
28,25,Y,Y,H
28,25,Y,Y,N
29,26,T,T,-
29,26,T,T,A
29,26,T,T,I
29,26,T,T,N
29,26,T,T,S
30,27,N,N,-
30,27,N,N,H
30,27,N,N,I
30,27,N,N,K
30,27,N,N,L
30,27,N,N,S
30,27,N,N,T
30,27,N,N,Y
31,28,S,S,-
31,28,S,S,F
31,28,S,S,I
31,28,S,S,L
32,29,F,F,-
32,29,F,F,L
32,29,F,F,S
32,29,F,F,V
32,29,F,F,Y
33,30,T,T,-
33,30,T,T,A
33,30,T,T,I
33,30,T,T,K
33,30,T,T,L
33,30,T,T,R
33,30,T,T,S
34,31,R,R,-
34,31,R,R,C
34,31,R,R,H
34,31,R,R,L
34,31,R,R,P
34,31,R,R,T
35,32,G,G,-
35,32,G,G,A
35,32,G,G,C
35,32,G,G,L
35,32,G,G,R
35,32,G,G,S
35,32,G,G,V
35,32,G,G,W
36,33,V,V,-
36,33,V,V,A
36,33,V,V,C
36,33,V,V,F
36,33,V,V,I
36,33,V,V,L
36,33,V,V,T
37,34,Y,Y,-
37,34,Y,Y,F
37,34,Y,Y,K
37,34,Y,Y,L
38,35,Y,Y,-
38,35,Y,Y,F
38,35,Y,Y,H
38,35,Y,Y,I
38,35,Y,Y,L
39,36,P,P,-
39,36,P,P,H
39,36,P,P,L
39,36,P,P,S
39,36,P,P,T
40,37,D,D,-
40,37,D,D,T
41,38,K,K,-
41,38,K,K,E
41,38,K,K,I
41,38,K,K,N
41,38,K,K,P
41,38,K,K,Q
41,38,K,K,R
42,39,V,V,-
42,39,V,V,F
42,39,V,V,I
42,39,V,V,Q
42,39,V,V,S
43,40,F,F,-
43,40,F,F,L
43,40,F,F,Y
44,41,R,R,-
44,41,R,R,K
44,41,R,R,Q
44,41,R,R,S
44,41,R,R,Y
45,42,S,S,-
45,42,S,S,A
45,42,S,S,F
45,42,S,S,I
45,42,S,S,P
45,42,S,S,T
45,42,S,S,Y
46,43,S,S,-
46,43,S,S,A
46,43,S,S,C
46,43,S,S,L
46,43,S,S,P
46,43,S,S,Q
47,44,V,V,-
47,44,V,V,A
47,44,V,V,F
47,44,V,V,I
47,44,V,V,L
47,44,V,V,S
48,45,L,L,-
48,45,L,L,F
48,45,L,L,T
48,45,L,L,V
49,46,H,H,-
49,46,H,H,F
49,46,H,H,I
49,46,H,H,L
49,46,H,H,Q
49,46,H,H,R
49,46,H,H,T
49,46,H,H,Y
50,47,S,S,-
50,47,S,S,A
50,47,S,S,F
50,47,S,S,L
50,47,S,S,P
50,47,S,S,T
51,48,T,T,-
51,48,T,T,A
51,48,T,T,C
51,48,T,T,F
51,48,T,T,I
51,48,T,T,N
51,48,T,T,S
52,49,Q,Q,-
52,49,Q,Q,E
52,49,Q,Q,H
52,49,Q,Q,K
52,49,Q,Q,L
52,49,Q,Q,P
52,49,Q,Q,R
52,49,Q,Q,S
53,50,D,D,-
53,50,D,D,C
53,50,D,D,E
53,50,D,D,G
53,50,D,D,L
53,50,D,D,N
53,50,D,D,Y
54,51,L,L,-
54,51,L,L,F
54,51,L,L,S
54,51,L,L,Y
55,52,F,F,-
55,52,F,F,L
55,52,F,F,S
55,52,F,F,V
55,52,F,F,Y
56,53,L,L,-
56,53,L,L,F
56,53,L,L,V
57,54,P,P,-
57,54,P,P,L
57,54,P,P,S
57,54,P,P,T
58,55,F,F,-
58,55,F,F,C
58,55,F,F,L
58,55,F,F,M
58,55,F,F,S
58,55,F,F,V
59,56,F,F,-
59,56,F,F,L
59,56,F,F,S
59,56,F,F,Y
60,57,S,S,-
60,57,S,S,A
60,57,S,S,C
60,57,S,S,F
60,57,S,S,L
60,57,S,S,P
60,57,S,S,T
61,58,N,N,-
61,58,N,N,D
61,58,N,N,G
61,58,N,N,K
61,58,N,N,M
61,58,N,N,Q
61,58,N,N,S
61,58,N,N,T
61,58,N,N,W
62,59,V,V,-
62,59,V,V,A
62,59,V,V,D
62,59,V,V,F
62,59,V,V,G
62,59,V,V,I
62,59,V,V,L
62,59,V,V,M
62,59,V,V,S
63,60,T,T,-
63,60,T,T,A
63,60,T,T,I
63,60,T,T,L
63,60,T,T,M
63,60,T,T,N
63,60,T,T,Q
63,60,T,T,S
64,61,W,W,-
64,61,W,W,C
64,61,W,W,F
64,61,W,W,G
64,61,W,W,L
64,61,W,W,R
64,61,W,W,S
65,62,F,F,-
65,62,F,F,L
65,62,F,F,S
65,62,F,F,Y
66,63,H,H,-
66,63,H,H,D
66,63,H,H,F
66,63,H,H,G
66,63,H,H,M
66,63,H,H,N
66,63,H,H,P
66,63,H,H,Q
66,63,H,H,R
66,63,H,H,S
66,63,H,H,Y
67,64,A,A,-
67,64,A,A,C
67,64,A,A,D
67,64,A,A,E
67,64,A,A,F
67,64,A,A,G
67,64,A,A,H
67,64,A,A,I
67,64,A,A,K
67,64,A,A,L
67,64,A,A,M
67,64,A,A,N
67,64,A,A,P
67,64,A,A,Q
67,64,A,A,R
67,64,A,A,S
67,64,A,A,T
67,64,A,A,V
67,64,A,A,W
67,64,A,A,Y
68,65,I,I,-
68,65,I,I,F
68,65,I,I,K
68,65,I,I,L
68,65,I,I,M
68,65,I,I,N
68,65,I,I,R
68,65,I,I,S
68,65,I,I,T
68,65,I,I,V
68,65,I,I,Y
69,66,H,H,-
69,66,H,H,D
69,66,H,H,F
69,66,H,H,L
69,66,H,H,N
69,66,H,H,P
69,66,H,H,Q
69,66,H,H,R
69,66,H,H,S
69,66,H,H,V
69,66,H,H,Y
70,67,V,V,-
70,67,V,V,A
70,67,V,V,F
70,67,V,V,G
70,67,V,V,I
70,67,V,V,L
70,67,V,V,S
70,67,V,V,T
71,68,S,S,-
71,68,S,S,A
71,68,S,S,E
71,68,S,S,F
71,68,S,S,L
71,68,S,S,M
71,68,S,S,P
71,68,S,S,T
71,68,S,S,Y
72,69,G,G,-
72,69,G,G,E
72,69,G,G,R
72,69,G,G,V
72,69,G,G,W
73,70,T,T,-
73,70,T,T,A
73,70,T,T,I
73,70,T,T,L
73,70,T,T,N
73,70,T,T,P
74,71,N,N,-
74,71,N,N,D
74,71,N,N,H
74,71,N,N,I
74,71,N,N,K
74,71,N,N,M
74,71,N,N,R
74,71,N,N,S
74,71,N,N,T
74,71,N,N,Y
75,72,G,G,-
75,72,G,G,A
75,72,G,G,C
75,72,G,G,D
75,72,G,G,N
75,72,G,G,R
75,72,G,G,S
75,72,G,G,V
76,73,T,T,-
76,73,T,T,A
76,73,T,T,I
76,73,T,T,K
76,73,T,T,L
76,73,T,T,N
76,73,T,T,P
76,73,T,T,S
77,74,K,K,-
77,74,K,K,E
77,74,K,K,I
77,74,K,K,M
77,74,K,K,N
77,74,K,K,R
77,74,K,K,T
78,75,R,R,-
78,75,R,R,G
78,75,R,R,K
78,75,R,R,L
78,75,R,R,M
78,75,R,R,S
78,75,R,R,T
78,75,R,R,V
78,75,R,R,W
79,76,F,F,-
79,76,F,F,L
79,76,F,F,S
79,76,F,F,V
79,76,F,F,Y
80,77,D,D,-
80,77,D,D,A
80,77,D,D,E
80,77,D,D,F
80,77,D,D,G
80,77,D,D,H
80,77,D,D,I
80,77,D,D,N
80,77,D,D,R
80,77,D,D,S
80,77,D,D,V
80,77,D,D,Y
81,78,N,N,-
81,78,N,N,D
81,78,N,N,G
81,78,N,N,K
81,78,N,N,S
81,78,N,N,T
81,78,N,N,Y
82,79,P,P,-
82,79,P,P,H
82,79,P,P,I
82,79,P,P,L
82,79,P,P,S
82,79,P,P,T
83,80,A,V,-
83,80,A,V,C
83,80,A,V,D
83,80,A,V,E
83,80,A,V,F
83,80,A,V,G
83,80,A,V,H
83,80,A,V,I
83,80,A,V,K
83,80,A,V,L
83,80,A,V,M
83,80,A,V,N
83,80,A,V,P
83,80,A,V,Q
83,80,A,V,R
83,80,A,V,S
83,80,A,V,T
83,80,A,V,V
83,80,A,V,W
83,80,A,V,Y
84,81,L,L,-
84,81,L,L,I
84,81,L,L,P
84,81,L,L,V
85,82,P,P,-
85,82,P,P,A
85,82,P,P,L
85,82,P,P,Q
85,82,P,P,S
85,82,P,P,T
86,83,F,F,-
86,83,F,F,I
86,83,F,F,L
86,83,F,F,Y
87,84,N,N,-
87,84,N,N,C
87,84,N,N,D
87,84,N,N,H
87,84,N,N,I
87,84,N,N,K
87,84,N,N,M
87,84,N,N,S
87,84,N,N,T
87,84,N,N,Y
88,85,D,D,-
88,85,D,D,A
88,85,D,D,E
88,85,D,D,G
88,85,D,D,H
88,85,D,D,L
88,85,D,D,N
88,85,D,D,S
88,85,D,D,Y
89,86,G,G,-
89,86,G,G,M
89,86,G,G,V
89,86,G,G,W
90,87,V,V,-
90,87,V,V,A
90,87,V,V,C
90,87,V,V,F
90,87,V,V,G
90,87,V,V,I
90,87,V,V,L
90,87,V,V,M
90,87,V,V,R
91,88,Y,Y,-
91,88,Y,Y,F
91,88,Y,Y,L
91,88,Y,Y,T
91,88,Y,Y,V
92,89,F,F,-
92,89,F,F,I
92,89,F,F,L
92,89,F,F,S
92,89,F,F,Y
93,90,A,A,-
93,90,A,A,C
93,90,A,A,I
93,90,A,A,L
93,90,A,A,P
93,90,A,A,S
93,90,A,A,T
93,90,A,A,V
94,91,S,S,-
94,91,S,S,A
94,91,S,S,C
94,91,S,S,F
94,91,S,S,L
94,91,S,S,P
94,91,S,S,T
95,92,T,T,-
95,92,T,T,A
95,92,T,T,F
95,92,T,T,H
95,92,T,T,I
95,92,T,T,L
95,92,T,T,N
95,92,T,T,P
95,92,T,T,S
95,92,T,T,V
96,93,E,E,-
96,93,E,E,A
96,93,E,E,D
96,93,E,E,G
96,93,E,E,K
96,93,E,E,L
96,93,E,E,P
96,93,E,E,Q
96,93,E,E,V
97,94,K,K,-
97,94,K,K,E
97,94,K,K,L
97,94,K,K,M
97,94,K,K,N
97,94,K,K,Q
97,94,K,K,R
97,94,K,K,S
97,94,K,K,T
98,95,S,S,-
98,95,S,S,A
98,95,S,S,C
98,95,S,S,D
98,95,S,S,E
98,95,S,S,F
98,95,S,S,G
98,95,S,S,H
98,95,S,S,I
98,95,S,S,K
98,95,S,S,L
98,95,S,S,M
98,95,S,S,N
98,95,S,S,P
98,95,S,S,Q
98,95,S,S,R
98,95,S,S,T
98,95,S,S,V
98,95,S,S,W
98,95,S,S,Y
99,96,N,N,-
99,96,N,N,D
99,96,N,N,K
99,96,N,N,S
99,96,N,N,T
99,96,N,N,Y
100,97,I,I,-
100,97,I,I,H
100,97,I,I,K
100,97,I,I,L
100,97,I,I,M
100,97,I,I,R
100,97,I,I,T
100,97,I,I,V
101,98,I,I,-
101,98,I,I,L
101,98,I,I,M
101,98,I,I,N
101,98,I,I,T
101,98,I,I,V
102,99,R,R,-
102,99,R,R,A
102,99,R,R,E
102,99,R,R,G
102,99,R,R,I
102,99,R,R,K
102,99,R,R,S
103,100,G,G,-
103,100,G,G,A
103,100,G,G,C
103,100,G,G,F
103,100,G,G,R
103,100,G,G,S
104,101,W,W,-
104,101,W,W,F
104,101,W,W,G
104,101,W,W,L
104,101,W,W,S
105,102,I,I,-
105,102,I,I,D
105,102,I,I,F
105,102,I,I,L
105,102,I,I,T
105,102,I,I,V
105,102,I,I,Y
106,103,F,F,-
106,103,F,F,I
106,103,F,F,L
106,103,F,F,V
106,103,F,F,Y
107,104,G,G,-
107,104,G,G,C
107,104,G,G,F
107,104,G,G,L
107,104,G,G,V
108,105,T,T,-
108,105,T,T,A
108,105,T,T,C
108,105,T,T,I
108,105,T,T,L
108,105,T,T,N
108,105,T,T,R
108,105,T,T,S
108,105,T,T,V
109,106,T,T,-
109,106,T,T,A
109,106,T,T,F
109,106,T,T,I
109,106,T,T,K
109,106,T,T,L
109,106,T,T,R
109,106,T,T,S
110,107,L,L,-
110,107,L,L,E
110,107,L,L,F
110,107,L,L,I
110,107,L,L,V
110,107,L,L,Y
111,108,D,D,-
111,108,D,D,E
111,108,D,D,H
111,108,D,D,I
111,108,D,D,M
111,108,D,D,N
111,108,D,D,R
112,109,S,S,-
112,109,S,S,A
112,109,S,S,F
112,109,S,S,I
112,109,S,S,K
112,109,S,S,L
112,109,S,S,P
112,109,S,S,R
112,109,S,S,T
113,110,K,K,-
113,110,K,K,E
113,110,K,K,M
113,110,K,K,N
113,110,K,K,P
113,110,K,K,R
113,110,K,K,T
114,111,T,T,-
114,111,T,T,A
114,111,T,T,I
114,111,T,T,N
114,111,T,T,P
114,111,T,T,S
115,112,Q,Q,-
115,112,Q,Q,H
115,112,Q,Q,K
115,112,Q,Q,L
115,112,Q,Q,P
115,112,Q,Q,S
116,113,S,S,-
116,113,S,S,D
116,113,S,S,P
116,113,S,S,Y
117,114,L,L,-
117,114,L,L,I
117,114,L,L,R
117,114,L,L,W
117,114,L,L,Y
118,115,L,L,-
118,115,L,L,F
118,115,L,L,I
118,115,L,L,M
119,116,I,I,-
119,116,I,I,F
119,116,I,I,L
119,116,I,I,V
120,117,V,V,-
120,117,V,V,A
120,117,V,V,F
120,117,V,V,I
120,117,V,V,L
121,118,N,N,-
121,118,N,N,D
121,118,N,N,I
121,118,N,N,S
121,118,N,N,T
122,119,N,N,-
122,119,N,N,D
122,119,N,N,K
122,119,N,N,S
122,119,N,N,T
123,120,A,A,-
123,120,A,A,L
123,120,A,A,S
123,120,A,A,T
123,120,A,A,V
124,121,T,T,-
124,121,T,T,A
124,121,T,T,I
124,121,T,T,L
124,121,T,T,N
124,121,T,T,S
125,122,N,N,-
125,122,N,N,D
125,122,N,N,K
125,122,N,N,M
125,122,N,N,S
125,122,N,N,T
126,123,V,V,-
126,123,V,V,A
126,123,V,V,F
126,123,V,V,I
126,123,V,V,L
127,124,V,V,-
127,124,V,V,A
127,124,V,V,F
127,124,V,V,I
127,124,V,V,L
128,125,I,I,-
128,125,I,I,L
128,125,I,I,P
128,125,I,I,V
129,126,K,K,-
129,126,K,K,N
129,126,K,K,R
129,126,K,K,T
129,126,K,K,Y
130,127,V,V,-
130,127,V,V,A
130,127,V,V,F
130,127,V,V,I
130,127,V,V,L
130,127,V,V,S
130,127,V,V,Y
131,128,C,C,-
131,128,C,C,L
131,128,C,C,V
132,129,E,E,-
132,129,E,E,A
132,129,E,E,D
132,129,E,E,G
132,129,E,E,K
132,129,E,E,N
132,129,E,E,P
132,129,E,E,Q
132,129,E,E,V
133,130,F,F,-
133,130,F,F,I
133,130,F,F,L
133,130,F,F,S
133,130,F,F,Y
134,131,Q,Q,-
134,131,Q,Q,E
134,131,Q,Q,H
134,131,Q,Q,K
134,131,Q,Q,L
134,131,Q,Q,N
134,131,Q,Q,R
134,131,Q,Q,S
135,132,F,F,-
135,132,F,F,I
135,132,F,F,L
135,132,F,F,V
135,132,F,F,Y
136,133,C,C,-
136,133,C,C,F
136,133,C,C,G
136,133,C,C,L
136,133,C,C,R
136,133,C,C,S
136,133,C,C,V
137,134,N,N,-
137,134,N,N,A
137,134,N,N,D
137,134,N,N,I
137,134,N,N,K
137,134,N,N,M
137,134,N,N,S
137,134,N,N,T
137,134,N,N,Y
138,135,D,D,-
138,135,D,D,A
138,135,D,D,E
138,135,D,D,G
138,135,D,D,H
138,135,D,D,I
138,135,D,D,N
138,135,D,D,Q
138,135,D,D,T
138,135,D,D,V
138,135,D,D,Y
139,136,P,P,-
139,136,P,P,D
139,136,P,P,H
139,136,P,P,L
139,136,P,P,R
139,136,P,P,S
140,137,F,F,-
140,137,F,F,I
140,137,F,F,L
140,137,F,F,M
140,137,F,F,S
140,137,F,F,V
141,138,L,L,-
141,138,L,L,A
141,138,L,L,F
141,138,L,L,I
141,138,L,L,S
141,138,L,L,V
141,138,L,L,W
142,139,D,G,-
142,139,D,G,A
142,139,D,G,C
142,139,D,G,E
142,139,D,G,F
142,139,D,G,G
142,139,D,G,H
142,139,D,G,I
142,139,D,G,K
142,139,D,G,L
142,139,D,G,M
142,139,D,G,N
142,139,D,G,P
142,139,D,G,Q
142,139,D,G,R
142,139,D,G,S
142,139,D,G,T
142,139,D,G,V
142,139,D,G,W
142,139,D,G,Y
143,140,V,V,-
143,140,V,V,A
143,140,V,V,C
143,140,V,V,D
143,140,V,V,F
143,140,V,V,I
143,140,V,V,L
143,140,V,V,M
143,140,V,V,P
143,140,V,V,T
145,141,Y,Y,-
145,141,Y,Y,D
145,141,Y,Y,F
145,141,Y,Y,H
145,141,Y,Y,I
145,141,Y,Y,K
145,141,Y,Y,L
145,141,Y,Y,N
145,141,Y,Y,P
145,141,Y,Y,Q
145,141,Y,Y,S
145,141,Y,Y,T
145,141,Y,Y,W
146,142,Q,H,-
146,142,Q,H,A
146,142,Q,H,C
146,142,Q,H,D
146,142,Q,H,E
146,142,Q,H,F
146,142,Q,H,G
146,142,Q,H,H
146,142,Q,H,I
146,142,Q,H,K
146,142,Q,H,L
146,142,Q,H,M
146,142,Q,H,N
146,142,Q,H,P
146,142,Q,H,R
146,142,Q,H,S
146,142,Q,H,T
146,142,Q,H,V
146,142,Q,H,W
146,142,Q,H,Y
147,143,K,K,-
147,143,K,K,A
147,143,K,K,C
147,143,K,K,D
147,143,K,K,E
147,143,K,K,F
147,143,K,K,G
147,143,K,K,H
147,143,K,K,I
147,143,K,K,L
147,143,K,K,M
147,143,K,K,N
147,143,K,K,P
147,143,K,K,Q
147,143,K,K,R
147,143,K,K,S
147,143,K,K,T
147,143,K,K,V
147,143,K,K,W
147,143,K,K,Y
148,144,N,N,-
148,144,N,N,D
148,144,N,N,H
148,144,N,N,K
148,144,N,N,Q
148,144,N,N,S
148,144,N,N,T
148,144,N,N,Y
149,145,N,N,-
149,145,N,N,D
149,145,N,N,I
149,145,N,N,K
149,145,N,N,Q
149,145,N,N,R
149,145,N,N,S
149,145,N,N,T
149,145,N,N,Y
150,146,K,K,-
150,146,K,K,E
150,146,K,K,I
150,146,K,K,N
150,146,K,K,Q
150,146,K,K,R
150,146,K,K,T
150,146,K,K,V
151,147,S,S,-
151,147,S,S,G
151,147,S,S,I
151,147,S,S,K
151,147,S,S,L
151,147,S,S,N
151,147,S,S,R
151,147,S,S,T
151,147,S,S,V
152,148,W,W,-
152,148,W,W,C
152,148,W,W,G
152,148,W,W,K
152,148,W,W,L
152,148,W,W,Q
152,148,W,W,R
152,148,W,W,S
153,149,M,M,-
153,149,M,M,A
153,149,M,M,C
153,149,M,M,D
153,149,M,M,E
153,149,M,M,F
153,149,M,M,G
153,149,M,M,H
153,149,M,M,I
153,149,M,M,K
153,149,M,M,L
153,149,M,M,N
153,149,M,M,P
153,149,M,M,Q
153,149,M,M,R
153,149,M,M,S
153,149,M,M,T
153,149,M,M,V
153,149,M,M,W
153,149,M,M,Y
154,150,E,E,-
154,150,E,E,A
154,150,E,E,D
154,150,E,E,G
154,150,E,E,K
154,150,E,E,Q
154,150,E,E,S
154,150,E,E,V
155,151,S,S,-
155,151,S,S,A
155,151,S,S,G
155,151,S,S,I
155,151,S,S,K
155,151,S,S,L
155,151,S,S,N
155,151,S,S,R
155,151,S,S,T
155,151,S,S,V
156,152,E,E,-
156,152,E,E,A
156,152,E,E,D
156,152,E,E,G
156,152,E,E,K
156,152,E,E,Q
156,152,E,E,V
157,153,F,F,-
157,153,F,F,C
157,153,F,F,G
157,153,F,F,I
157,153,F,F,L
157,153,F,F,S
157,153,F,F,V
157,153,F,F,Y
158,154,R,R,-
158,154,R,R,G
158,154,R,R,I
158,154,R,R,K
158,154,R,R,S
158,154,R,R,T
159,155,V,V,-
159,155,V,V,A
159,155,V,V,F
159,155,V,V,I
159,155,V,V,L
160,156,Y,Y,-
160,156,Y,Y,F
160,156,Y,Y,H
160,156,Y,Y,I
160,156,Y,Y,V
161,157,S,S,-
161,157,S,S,A
161,157,S,S,F
161,157,S,S,N
161,157,S,S,P
161,157,S,S,Q
161,157,S,S,T
161,157,S,S,Y
162,158,S,S,-
162,158,S,S,G
162,158,S,S,I
162,158,S,S,K
162,158,S,S,L
162,158,S,S,N
162,158,S,S,R
162,158,S,S,T
163,159,A,A,-
163,159,A,A,E
163,159,A,A,G
163,159,A,A,I
163,159,A,A,L
163,159,A,A,S
163,159,A,A,T
163,159,A,A,V
164,160,N,N,-
164,160,N,N,F
164,160,N,N,H
164,160,N,N,I
164,160,N,N,K
164,160,N,N,S
164,160,N,N,T
164,160,N,N,Y
165,161,N,N,-
165,161,N,N,F
165,161,N,N,I
165,161,N,N,L
165,161,N,N,M
166,162,C,C,-
166,162,C,C,F
166,162,C,C,S
167,163,T,T,-
167,163,T,T,A
167,163,T,T,E
167,163,T,T,I
167,163,T,T,L
167,163,T,T,S
168,164,F,F,-
168,164,F,F,L
168,164,F,F,S
168,164,F,F,V
168,164,F,F,Y
169,165,E,E,-
169,165,E,E,D
169,165,E,E,K
169,165,E,E,N
169,165,E,E,Q
170,166,Y,Y,-
170,166,Y,Y,C
170,166,Y,Y,F
170,166,Y,Y,H
170,166,Y,Y,I
170,166,Y,Y,M
171,167,V,V,-
171,167,V,V,A
171,167,V,V,C
171,167,V,V,F
171,167,V,V,I
171,167,V,V,L
171,167,V,V,M
171,167,V,V,S
172,168,S,S,-
172,168,S,S,A
172,168,S,S,F
172,168,S,S,L
172,168,S,S,N
172,168,S,S,T
172,168,S,S,Y
173,169,Q,Q,-
173,169,Q,Q,D
173,169,Q,Q,E
173,169,Q,Q,H
173,169,Q,Q,K
173,169,Q,Q,L
173,169,Q,Q,P
173,169,Q,Q,R
173,169,Q,Q,S
174,170,P,P,-
174,170,P,P,A
174,170,P,P,H
174,170,P,P,L
174,170,P,P,R
174,170,P,P,S
174,170,P,P,T
175,171,F,F,-
175,171,F,F,I
175,171,F,F,K
175,171,F,F,L
175,171,F,F,S
175,171,F,F,V
176,172,L,L,-
176,172,L,L,A
176,172,L,L,C
176,172,L,L,D
176,172,L,L,E
176,172,L,L,F
176,172,L,L,G
176,172,L,L,H
176,172,L,L,I
176,172,L,L,K
176,172,L,L,M
176,172,L,L,N
176,172,L,L,P
176,172,L,L,Q
176,172,L,L,R
176,172,L,L,S
176,172,L,L,T
176,172,L,L,V
176,172,L,L,W
176,172,L,L,Y
177,173,M,M,-
177,173,M,M,I
177,173,M,M,K
177,173,M,M,L
177,173,M,M,N
177,173,M,M,R
177,173,M,M,T
177,173,M,M,V
177,173,M,M,W
177,173,M,M,Y
178,174,D,D,-
178,174,D,D,A
178,174,D,D,E
178,174,D,D,G
178,174,D,D,H
178,174,D,D,N
178,174,D,D,T
178,174,D,D,Y
179,175,L,L,-
179,175,L,L,F
179,175,L,L,I
179,175,L,L,P
179,175,L,L,R
179,175,L,L,S
179,175,L,L,V
180,176,E,E,-
180,176,E,E,A
180,176,E,E,C
180,176,E,E,D
180,176,E,E,F
180,176,E,E,G
180,176,E,E,H
180,176,E,E,I
180,176,E,E,K
180,176,E,E,L
180,176,E,E,M
180,176,E,E,N
180,176,E,E,P
180,176,E,E,Q
180,176,E,E,R
180,176,E,E,S
180,176,E,E,T
180,176,E,E,V
180,176,E,E,W
180,176,E,E,Y
181,177,G,G,-
181,177,G,G,A
181,177,G,G,C
181,177,G,G,D
181,177,G,G,E
181,177,G,G,F
181,177,G,G,H
181,177,G,G,I
181,177,G,G,K
181,177,G,G,L
181,177,G,G,M
181,177,G,G,N
181,177,G,G,P
181,177,G,G,Q
181,177,G,G,R
181,177,G,G,S
181,177,G,G,T
181,177,G,G,V
181,177,G,G,W
181,177,G,G,Y
182,178,K,K,-
182,178,K,K,A
182,178,K,K,C
182,178,K,K,D
182,178,K,K,E
182,178,K,K,F
182,178,K,K,G
182,178,K,K,H
182,178,K,K,I
182,178,K,K,L
182,178,K,K,M
182,178,K,K,N
182,178,K,K,P
182,178,K,K,Q
182,178,K,K,R
182,178,K,K,S
182,178,K,K,T
182,178,K,K,V
182,178,K,K,W
182,178,K,K,Y
183,179,E,Q,-
183,179,E,Q,A
183,179,E,Q,C
183,179,E,Q,D
183,179,E,Q,F
183,179,E,Q,G
183,179,E,Q,H
183,179,E,Q,I
183,179,E,Q,K
183,179,E,Q,L
183,179,E,Q,M
183,179,E,Q,N
183,179,E,Q,P
183,179,E,Q,Q
183,179,E,Q,R
183,179,E,Q,S
183,179,E,Q,T
183,179,E,Q,V
183,179,E,Q,W
183,179,E,Q,Y
184,180,G,G,-
184,180,G,G,A
184,180,G,G,C
184,180,G,G,D
184,180,G,G,E
184,180,G,G,F
184,180,G,G,H
184,180,G,G,I
184,180,G,G,K
184,180,G,G,L
184,180,G,G,M
184,180,G,G,N
184,180,G,G,P
184,180,G,G,Q
184,180,G,G,R
184,180,G,G,S
184,180,G,G,T
184,180,G,G,V
184,180,G,G,W
184,180,G,G,Y
185,181,N,N,-
185,181,N,N,A
185,181,N,N,C
185,181,N,N,D
185,181,N,N,E
185,181,N,N,F
185,181,N,N,G
185,181,N,N,H
185,181,N,N,I
185,181,N,N,K
185,181,N,N,L
185,181,N,N,M
185,181,N,N,P
185,181,N,N,Q
185,181,N,N,R
185,181,N,N,S
185,181,N,N,T
185,181,N,N,V
185,181,N,N,W
185,181,N,N,Y
186,182,F,F,-
186,182,F,F,H
186,182,F,F,I
186,182,F,F,L
186,182,F,F,S
186,182,F,F,V
187,183,K,K,-
187,183,K,K,E
187,183,K,K,I
187,183,K,K,N
187,183,K,K,Q
187,183,K,K,R
187,183,K,K,S
187,183,K,K,T
188,184,N,N,-
188,184,N,N,D
188,184,N,N,I
188,184,N,N,K
188,184,N,N,S
188,184,N,N,T
188,184,N,N,Y
189,185,L,L,-
189,185,L,L,F
189,185,L,L,I
189,185,L,L,N
189,185,L,L,P
189,185,L,L,S
189,185,L,L,V
190,186,R,R,-
190,186,R,R,G
190,186,R,R,K
190,186,R,R,M
190,186,R,R,S
190,186,R,R,T
190,186,R,R,W
191,187,E,E,-
191,187,E,E,G
191,187,E,E,I
191,187,E,E,N
191,187,E,E,Q
191,187,E,E,S
192,188,F,F,-
192,188,F,F,I
192,188,F,F,L
192,188,F,F,W
192,188,F,F,Y
193,189,V,V,-
193,189,V,V,C
193,189,V,V,L
193,189,V,V,M
194,190,F,F,-
194,190,F,F,L
194,190,F,F,V
195,191,K,K,-
195,191,K,K,N
195,191,K,K,R
195,191,K,K,S
196,192,N,N,-
196,192,N,N,E
196,192,N,N,I
196,192,N,N,S
196,192,N,N,Y
197,193,I,I,-
197,193,I,I,L
197,193,I,I,S
197,193,I,I,T
197,193,I,I,V
197,193,I,I,Y
198,194,D,D,-
198,194,D,D,A
198,194,D,D,E
198,194,D,D,F
198,194,D,D,G
198,194,D,D,H
198,194,D,D,M
198,194,D,D,N
198,194,D,D,Y
199,195,G,G,-
199,195,G,G,A
199,195,G,G,C
199,195,G,G,D
199,195,G,G,S
199,195,G,G,V
199,195,G,G,W
200,196,Y,Y,-
200,196,Y,Y,A
200,196,Y,Y,C
200,196,Y,Y,F
200,196,Y,Y,H
200,196,Y,Y,I
200,196,Y,Y,L
201,197,F,F,-
201,197,F,F,H
201,197,F,F,L
202,198,K,K,-
202,198,K,K,A
202,198,K,K,E
202,198,K,K,N
202,198,K,K,R
202,198,K,K,T
203,199,I,I,-
203,199,I,I,A
203,199,I,I,L
203,199,I,I,M
203,199,I,I,T
203,199,I,I,V
203,199,I,I,Y
204,200,Y,Y,-
204,200,Y,Y,F
204,200,Y,Y,H
204,200,Y,Y,I
204,200,Y,Y,L
205,201,S,S,-
205,201,S,S,A
205,201,S,S,F
205,201,S,S,I
205,201,S,S,L
205,201,S,S,Y
206,202,K,K,-
206,202,K,K,A
206,202,K,K,E
206,202,K,K,L
206,202,K,K,N
206,202,K,K,Q
206,202,K,K,R
206,202,K,K,S
206,202,K,K,T
207,203,H,H,-
207,203,H,H,L
207,203,H,H,N
207,203,H,H,Q
207,203,H,H,R
207,203,H,H,S
207,203,H,H,T
207,203,H,H,Y
208,204,T,T,-
208,204,T,T,A
208,204,T,T,I
208,204,T,T,K
208,204,T,T,L
208,204,T,T,M
208,204,T,T,R
208,204,T,T,S
209,205,P,P,-
209,205,P,P,H
209,205,P,P,L
209,205,P,P,R
209,205,P,P,S
209,205,P,P,T
209,205,P,P,Y
210,206,I,I,-
210,206,I,I,A
210,206,I,I,F
210,206,I,I,L
210,206,I,I,S
210,206,I,I,T
210,206,I,I,V
210,206,I,I,Y
211,207,N,N,-
211,207,N,N,C
211,207,N,N,D
211,207,N,N,E
211,207,N,N,G
211,207,N,N,H
211,207,N,N,I
211,207,N,N,K
211,207,N,N,L
211,207,N,N,R
211,207,N,N,S
211,207,N,N,T
211,207,N,N,Y
212,208,L,L,-
212,208,L,L,A
212,208,L,L,C
212,208,L,L,E
212,208,L,L,F
212,208,L,L,I
212,208,L,L,M
212,208,L,L,R
212,208,L,L,S
212,208,L,L,V
213,209,E,V,-
213,209,E,V,A
213,209,E,V,C
213,209,E,V,D
213,209,E,V,F
213,209,E,V,G
213,209,E,V,H
213,209,E,V,I
213,209,E,V,K
213,209,E,V,L
213,209,E,V,M
213,209,E,V,N
213,209,E,V,P
213,209,E,V,Q
213,209,E,V,R
213,209,E,V,S
213,209,E,V,T
213,209,E,V,V
213,209,E,V,W
213,209,E,V,Y
214,210,R,R,-
214,210,R,R,A
214,210,R,R,C
214,210,R,R,E
214,210,R,R,G
214,210,R,R,H
214,210,R,R,I
214,210,R,R,L
214,210,R,R,P
214,210,R,R,Q
214,210,R,R,S
214,210,R,R,Y
215,211,D,D,-
215,211,D,D,A
215,211,D,D,C
215,211,D,D,E
215,211,D,D,F
215,211,D,D,G
215,211,D,D,H
215,211,D,D,I
215,211,D,D,K
215,211,D,D,L
215,211,D,D,M
215,211,D,D,N
215,211,D,D,P
215,211,D,D,Q
215,211,D,D,R
215,211,D,D,S
215,211,D,D,T
215,211,D,D,V
215,211,D,D,W
215,211,D,D,Y
216,212,L,L,-
216,212,L,L,A
216,212,L,L,F
216,212,L,L,I
216,212,L,L,M
216,212,L,L,P
216,212,L,L,S
217,213,P,P,-
217,213,P,P,H
217,213,P,P,L
217,213,P,P,S
217,213,P,P,T
218,214,Q,Q,-
218,214,Q,Q,E
218,214,Q,Q,H
218,214,Q,Q,K
218,214,Q,Q,L
218,214,Q,Q,P
218,214,Q,Q,R
218,214,Q,Q,S
219,215,G,G,-
219,215,G,G,C
219,215,G,G,D
219,215,G,G,S
219,215,G,G,V
220,216,F,F,-
220,216,F,F,I
220,216,F,F,L
220,216,F,F,V
221,217,S,S,-
221,217,S,S,A
221,217,S,S,F
221,217,S,S,K
221,217,S,S,L
221,217,S,S,R
221,217,S,S,T
222,218,A,A,-
222,218,A,A,C
222,218,A,A,D
222,218,A,A,E
222,218,A,A,F
222,218,A,A,G
222,218,A,A,H
222,218,A,A,I
222,218,A,A,K
222,218,A,A,L
222,218,A,A,M
222,218,A,A,N
222,218,A,A,P
222,218,A,A,Q
222,218,A,A,R
222,218,A,A,S
222,218,A,A,T
222,218,A,A,V
222,218,A,A,W
222,218,A,A,Y
223,219,L,L,-
223,219,L,L,E
223,219,L,L,F
223,219,L,L,I
223,219,L,L,V
224,220,E,E,-
224,220,E,E,G
224,220,E,E,K
224,220,E,E,N
224,220,E,E,Q
224,220,E,E,R
224,220,E,E,V
225,221,P,P,-
225,221,P,P,H
225,221,P,P,L
225,221,P,P,T
225,221,P,P,V
226,222,L,L,-
226,222,L,L,F
226,222,L,L,I
226,222,L,L,S
226,222,L,L,V
226,222,L,L,W
227,223,V,V,-
227,223,V,V,A
227,223,V,V,E
227,223,V,V,G
227,223,V,V,I
227,223,V,V,L
227,223,V,V,T
228,224,D,D,-
228,224,D,D,A
228,224,D,D,E
228,224,D,D,F
228,224,D,D,G
228,224,D,D,H
228,224,D,D,I
228,224,D,D,L
228,224,D,D,N
228,224,D,D,R
228,224,D,D,S
228,224,D,D,V
228,224,D,D,Y
229,225,L,L,-
229,225,L,L,F
229,225,L,L,S
229,225,L,L,T
229,225,L,L,V
230,226,P,P,-
230,226,P,P,A
230,226,P,P,G
230,226,P,P,L
230,226,P,P,N
230,226,P,P,Q
230,226,P,P,S
230,226,P,P,T
231,227,I,I,-
231,227,I,I,E
231,227,I,I,F
231,227,I,I,L
231,227,I,I,M
231,227,I,I,N
231,227,I,I,T
231,227,I,I,V
232,228,G,G,-
232,228,G,G,A
232,228,G,G,C
232,228,G,G,D
232,228,G,G,K
232,228,G,G,R
232,228,G,G,S
232,228,G,G,V
232,228,G,G,Y
233,229,I,I,-
233,229,I,I,F
233,229,I,I,L
233,229,I,I,M
233,229,I,I,R
233,229,I,I,S
233,229,I,I,T
233,229,I,I,V
233,229,I,I,Y
234,230,N,N,-
234,230,N,N,D
234,230,N,N,F
234,230,N,N,K
234,230,N,N,R
234,230,N,N,T
234,230,N,N,Y
235,231,I,I,-
235,231,I,I,A
235,231,I,I,F
235,231,I,I,L
235,231,I,I,Q
235,231,I,I,S
235,231,I,I,T
235,231,I,I,V
236,232,T,T,-
236,232,T,T,F
236,232,T,T,L
236,232,T,T,N
236,232,T,T,S
236,232,T,T,V
237,233,R,R,-
237,233,R,R,C
237,233,R,R,G
237,233,R,R,K
237,233,R,R,M
237,233,R,R,Q
237,233,R,R,S
237,233,R,R,Y
238,234,F,F,-
238,234,F,F,I
238,234,F,F,L
238,234,F,F,Y
239,235,Q,Q,-
239,235,Q,Q,E
239,235,Q,Q,H
239,235,Q,Q,K
239,235,Q,Q,L
239,235,Q,Q,R
239,235,Q,Q,T
240,236,T,T,-
240,236,T,T,A
240,236,T,T,I
240,236,T,T,K
240,236,T,T,L
240,236,T,T,N
240,236,T,T,P
240,236,T,T,S
240,236,T,T,V
241,237,L,L,-
241,237,L,L,F
241,237,L,L,H
241,237,L,L,I
241,237,L,L,K
241,237,L,L,V
241,237,L,L,Y
242,238,L,L,-
242,238,L,L,F
242,238,L,L,H
242,238,L,L,I
242,238,L,L,P
242,238,L,L,Y
243,239,A,A,-
243,239,A,A,F
243,239,A,A,G
243,239,A,A,L
243,239,A,A,P
243,239,A,A,S
243,239,A,A,T
243,239,A,A,V
243,239,A,A,Y
244,240,L,L,-
244,240,L,L,D
244,240,L,L,F
244,240,L,L,I
244,240,L,L,S
244,240,L,L,V
245,241,H,H,-
245,241,H,H,A
245,241,H,H,C
245,241,H,H,D
245,241,H,H,E
245,241,H,H,F
245,241,H,H,G
245,241,H,H,I
245,241,H,H,K
245,241,H,H,L
245,241,H,H,M
245,241,H,H,N
245,241,H,H,P
245,241,H,H,Q
245,241,H,H,R
245,241,H,H,S
245,241,H,H,T
245,241,H,H,V
245,241,H,H,W
245,241,H,H,Y
246,242,R,R,-
246,242,R,R,E
246,242,R,R,G
246,242,R,R,I
246,242,R,R,K
246,242,R,R,N
246,242,R,R,Q
246,242,R,R,S
246,242,R,R,T
246,242,R,R,V
246,242,R,R,W
247,243,S,S,-
247,243,S,S,G
247,243,S,S,I
247,243,S,S,K
247,243,S,S,L
247,243,S,S,N
247,243,S,S,R
248,244,Y,Y,-
248,244,Y,Y,C
248,244,Y,Y,D
248,244,Y,Y,F
248,244,Y,Y,H
248,244,Y,Y,I
248,244,Y,Y,L
248,244,Y,Y,N
248,244,Y,Y,S
248,244,Y,Y,V
249,245,L,L,-
249,245,L,L,F
249,245,L,L,S
249,245,L,L,V
250,246,T,T,-
250,246,T,T,A
250,246,T,T,D
250,246,T,T,F
250,246,T,T,I
250,246,T,T,L
250,246,T,T,N
250,246,T,T,P
250,246,T,T,Q
250,246,T,T,S
251,247,P,P,-
251,247,P,P,H
251,247,P,P,L
251,247,P,P,R
251,247,P,P,S
251,247,P,P,T
251,247,P,P,V
252,248,V,G,-
252,248,V,G,A
252,248,V,G,C
252,248,V,G,D
252,248,V,G,E
252,248,V,G,F
252,248,V,G,G
252,248,V,G,H
252,248,V,G,I
252,248,V,G,K
252,248,V,G,L
252,248,V,G,M
252,248,V,G,N
252,248,V,G,P
252,248,V,G,Q
252,248,V,G,R
252,248,V,G,S
252,248,V,G,T
252,248,V,G,W
252,248,V,G,Y
253,249,D,D,-
253,249,D,D,A
253,249,D,D,E
253,249,D,D,G
253,249,D,D,N
253,249,D,D,Q
253,249,D,D,V
253,249,D,D,Y
254,250,S,S,-
254,250,S,S,A
254,250,S,S,F
254,250,S,S,L
254,250,S,S,P
254,250,S,S,Q
254,250,S,S,Y
255,251,S,S,-
255,251,S,S,A
255,251,S,S,C
255,251,S,S,D
255,251,S,S,E
255,251,S,S,F
255,251,S,S,G
255,251,S,S,H
255,251,S,S,I
255,251,S,S,K
255,251,S,S,L
255,251,S,S,M
255,251,S,S,N
255,251,S,S,P
255,251,S,S,Q
255,251,S,S,R
255,251,S,S,T
255,251,S,S,V
255,251,S,S,W
255,251,S,S,Y
256,252,S,S,-
256,252,S,S,A
256,252,S,S,C
256,252,S,S,D
256,252,S,S,E
256,252,S,S,F
256,252,S,S,G
256,252,S,S,H
256,252,S,S,I
256,252,S,S,K
256,252,S,S,L
256,252,S,S,M
256,252,S,S,N
256,252,S,S,P
256,252,S,S,Q
256,252,S,S,R
256,252,S,S,T
256,252,S,S,V
256,252,S,S,W
256,252,S,S,Y
257,253,G,G,-
257,253,G,G,C
257,253,G,G,D
257,253,G,G,M
257,253,G,G,R
257,253,G,G,S
257,253,G,G,V
258,254,W,W,-
258,254,W,W,C
258,254,W,W,F
258,254,W,W,L
258,254,W,W,R
258,254,W,W,S
259,255,T,T,-
259,255,T,T,A
259,255,T,T,D
259,255,T,T,I
259,255,T,T,K
259,255,T,T,P
259,255,T,T,R
259,255,T,T,S
259,255,T,T,V
260,256,A,A,-
260,256,A,A,D
260,256,A,A,G
260,256,A,A,I
260,256,A,A,L
260,256,A,A,P
260,256,A,A,S
260,256,A,A,T
260,256,A,A,V
261,257,G,G,-
261,257,G,G,A
261,257,G,G,C
261,257,G,G,D
261,257,G,G,N
261,257,G,G,R
261,257,G,G,S
261,257,G,G,V
261,257,G,G,W
262,258,A,A,-
262,258,A,A,C
262,258,A,A,D
262,258,A,A,G
262,258,A,A,L
262,258,A,A,P
262,258,A,A,S
262,258,A,A,T
262,258,A,A,V
263,259,A,A,-
263,259,A,A,C
263,259,A,A,G
263,259,A,A,I
263,259,A,A,L
263,259,A,A,P
263,259,A,A,S
263,259,A,A,T
263,259,A,A,V
264,260,A,A,-
264,260,A,A,D
264,260,A,A,L
264,260,A,A,S
264,260,A,A,T
264,260,A,A,V
265,261,Y,Y,-
265,261,Y,Y,C
265,261,Y,Y,F
265,261,Y,Y,L
266,262,Y,Y,-
266,262,Y,Y,C
266,262,Y,Y,F
266,262,Y,Y,H
266,262,Y,Y,L
266,262,Y,Y,Q
267,263,V,V,-
267,263,V,V,C
267,263,V,V,I
267,263,V,V,L
268,264,G,G,-
268,264,G,G,N
268,264,G,G,S
269,265,Y,Y,-
269,265,Y,Y,C
269,265,Y,Y,F
269,265,Y,Y,H
269,265,Y,Y,I
269,265,Y,Y,L
269,265,Y,Y,Q
270,266,L,L,-
270,266,L,L,F
270,266,L,L,I
270,266,L,L,M
270,266,L,L,S
271,267,Q,Q,-
271,267,Q,Q,E
271,267,Q,Q,K
271,267,Q,Q,L
271,267,Q,Q,R
271,267,Q,Q,S
271,267,Q,Q,V
272,268,P,P,-
272,268,P,P,H
272,268,P,P,L
272,268,P,P,M
272,268,P,P,S
272,268,P,P,T
273,269,R,R,-
273,269,R,R,E
273,269,R,R,G
273,269,R,R,K
273,269,R,R,L
273,269,R,R,M
273,269,R,R,Q
273,269,R,R,S
273,269,R,R,T
274,270,T,T,-
274,270,T,T,A
274,270,T,T,D
274,270,T,T,I
274,270,T,T,L
274,270,T,T,N
274,270,T,T,P
274,270,T,T,S
275,271,F,F,-
275,271,F,F,I
275,271,F,F,L
275,271,F,F,M
276,272,L,L,-
276,272,L,L,I
276,272,L,L,M
276,272,L,L,Q
276,272,L,L,S
276,272,L,L,V
277,273,L,L,-
277,273,L,L,C
277,273,L,L,F
277,273,L,L,I
277,273,L,L,M
277,273,L,L,V
277,273,L,L,W
278,274,K,K,-
278,274,K,K,A
278,274,K,K,E
278,274,K,K,L
278,274,K,K,N
278,274,K,K,Q
278,274,K,K,R
278,274,K,K,V
279,275,Y,Y,-
279,275,Y,Y,F
279,275,Y,Y,G
279,275,Y,Y,I
279,275,Y,Y,W
280,276,N,N,-
280,276,N,N,D
280,276,N,N,F
280,276,N,N,S
280,276,N,N,T
281,277,E,E,-
281,277,E,E,A
281,277,E,E,D
281,277,E,E,G
281,277,E,E,K
281,277,E,E,N
281,277,E,E,Q
281,277,E,E,V
282,278,N,N,-
282,278,N,N,D
282,278,N,N,H
282,278,N,N,I
282,278,N,N,K
282,278,N,N,L
282,278,N,N,S
282,278,N,N,T
282,278,N,N,V
282,278,N,N,Y
283,279,G,G,-
283,279,G,G,L
283,279,G,G,R
283,279,G,G,S
283,279,G,G,W
284,280,T,T,-
284,280,T,T,A
284,280,T,T,I
284,280,T,T,L
284,280,T,T,N
284,280,T,T,Q
285,281,I,I,-
285,281,I,I,F
285,281,I,I,H
285,281,I,I,L
285,281,I,I,V
286,282,T,T,-
286,282,T,T,A
286,282,T,T,I
286,282,T,T,N
286,282,T,T,S
286,282,T,T,Y
287,283,D,D,-
287,283,D,D,A
287,283,D,D,E
287,283,D,D,G
287,283,D,D,H
287,283,D,D,N
287,283,D,D,P
287,283,D,D,Q
287,283,D,D,R
287,283,D,D,V
287,283,D,D,Y
288,284,A,A,-
288,284,A,A,C
288,284,A,A,G
288,284,A,A,K
288,284,A,A,S
288,284,A,A,T
288,284,A,A,V
288,284,A,A,Y
289,285,V,V,-
289,285,V,V,A
289,285,V,V,C
289,285,V,V,I
289,285,V,V,L
289,285,V,V,Q
289,285,V,V,R
289,285,V,V,Y
290,286,D,D,-
290,286,D,D,C
290,286,D,D,E
290,286,D,D,N
290,286,D,D,R
290,286,D,D,S
291,287,C,C,-
291,287,C,C,L
291,287,C,C,R
291,287,C,C,V
291,287,C,C,Y
292,288,A,A,-
292,288,A,A,C
292,288,A,A,G
292,288,A,A,K
292,288,A,A,R
292,288,A,A,S
292,288,A,A,T
292,288,A,A,V
293,289,L,L,-
293,289,L,L,F
293,289,L,L,I
293,289,L,L,M
293,289,L,L,T
294,290,D,D,-
294,290,D,D,C
294,290,D,D,E
294,290,D,D,G
294,290,D,D,N
295,291,P,P,-
295,291,P,P,L
295,291,P,P,S
296,292,L,L,-
296,292,L,L,D
296,292,L,L,I
296,292,L,L,S
297,293,S,S,-
297,293,S,S,D
297,293,S,S,L
297,293,S,S,Q
297,293,S,S,V
298,294,E,E,-
298,294,E,E,D
298,294,E,E,F
298,294,E,E,K
298,294,E,E,Q
298,294,E,E,R
299,295,T,T,-
299,295,T,T,A
299,295,T,T,I
299,295,T,T,K
299,295,T,T,L
299,295,T,T,N
300,296,K,K,-
300,296,K,K,G
300,296,K,K,Q
300,296,K,K,R
301,297,C,C,-
301,297,C,C,E
301,297,C,C,S
301,297,C,C,V
302,298,T,T,-
302,298,T,T,R
302,298,T,T,S
302,298,T,T,V
302,298,T,T,Y
303,299,L,L,-
303,299,L,L,F
303,299,L,L,I
303,299,L,L,V
304,300,K,K,-
304,300,K,K,E
304,300,K,K,I
304,300,K,K,N
304,300,K,K,Q
304,300,K,K,R
305,301,S,S,A
305,301,S,S,I
305,301,S,S,L
305,301,S,S,N
305,301,S,S,T
306,302,F,F,L
306,302,F,F,N
306,302,F,F,S
307,303,T,T,A
307,303,T,T,H
307,303,T,T,I
307,303,T,T,K
307,303,T,T,N
307,303,T,T,S
308,304,V,V,C
308,304,V,V,I
308,304,V,V,L
309,305,E,E,A
309,305,E,E,D
309,305,E,E,G
309,305,E,E,K
309,305,E,E,Q
309,305,E,E,R
309,305,E,E,V
310,306,K,K,R
310,306,K,K,S
311,307,G,G,E
311,307,G,G,K
311,307,G,G,N
311,307,G,G,R
311,307,G,G,S
312,308,I,I,L
312,308,I,I,M
312,308,I,I,T
312,308,I,I,V
313,309,Y,Y,F
313,309,Y,Y,G
313,309,Y,Y,H
313,309,Y,Y,I
313,309,Y,Y,R
314,310,Q,Q,E
314,310,Q,Q,G
314,310,Q,Q,H
314,310,Q,Q,K
314,310,Q,Q,L
314,310,Q,Q,N
314,310,Q,Q,P
314,310,Q,Q,R
314,310,Q,Q,T
315,311,T,T,E
315,311,T,T,F
315,311,T,T,I
315,311,T,T,L
315,311,T,T,N
315,311,T,T,S
316,312,S,S,A
316,312,S,S,F
316,312,S,S,G
316,312,S,S,L
316,312,S,S,Y
317,313,N,N,I
317,313,N,N,S
317,313,N,N,T
317,313,N,N,Y
318,314,F,F,C
318,314,F,F,I
318,314,F,F,L
318,314,F,F,S
318,314,F,F,V
318,314,F,F,Y
319,315,R,R,E
319,315,R,R,K
319,315,R,R,L
319,315,R,R,T
320,316,V,V,A
320,316,V,V,F
320,316,V,V,I
320,316,V,V,L
320,316,V,V,S
321,317,Q,Q,E
321,317,Q,Q,H
321,317,Q,Q,K
321,317,Q,Q,L
321,317,Q,Q,N
321,317,Q,Q,P
321,317,Q,Q,R
321,317,Q,Q,S
322,318,P,P,A
322,318,P,P,N
322,318,P,P,Q
322,318,P,P,S
322,318,P,P,T
323,319,T,T,A
323,319,T,T,C
323,319,T,T,D
323,319,T,T,E
323,319,T,T,F
323,319,T,T,G
323,319,T,T,H
323,319,T,T,I
323,319,T,T,K
323,319,T,T,L
323,319,T,T,M
323,319,T,T,N
323,319,T,T,P
323,319,T,T,Q
323,319,T,T,R
323,319,T,T,S
323,319,T,T,V
323,319,T,T,W
323,319,T,T,Y
324,320,E,E,A
324,320,E,E,D
324,320,E,E,G
324,320,E,E,K
324,320,E,E,N
324,320,E,E,Q
324,320,E,E,T
324,320,E,E,V
325,321,S,S,F
325,321,S,S,L
325,321,S,S,N
325,321,S,S,R
325,321,S,S,Y
326,322,I,I,L
326,322,I,I,N
326,322,I,I,V
327,323,V,V,A
327,323,V,V,C
327,323,V,V,I
327,323,V,V,L
327,323,V,V,Y
328,324,R,R,C
328,324,R,R,D
328,324,R,R,K
328,324,R,R,P
329,325,F,F,I
329,325,F,F,L
329,325,F,F,S
329,325,F,F,V
330,326,P,P,F
330,326,P,P,G
330,326,P,P,L
330,326,P,P,S
330,326,P,P,T
331,327,N,N,D
331,327,N,N,E
331,327,N,N,H
331,327,N,N,R
331,327,N,N,S
331,327,N,N,T
332,328,I,I,D
332,328,I,I,K
332,328,I,I,L
332,328,I,I,T
332,328,I,I,V
332,328,I,I,Y
333,329,T,T,F
333,329,T,T,I
333,329,T,T,K
333,329,T,T,S
333,329,T,T,Y
334,330,N,N,K
334,330,N,N,S
334,330,N,N,T
335,331,L,L,A
335,331,L,L,F
335,331,L,L,G
335,331,L,L,S
335,331,L,L,V
336,332,C,C,K
336,332,C,C,T
336,332,C,C,V
337,333,P,P,H
337,333,P,P,L
337,333,P,P,R
337,333,P,P,S
337,333,P,P,T
338,334,F,F,I
338,334,F,F,L
339,335,H,G,A
339,335,H,G,C
339,335,H,G,D
339,335,H,G,E
339,335,H,G,F
339,335,H,G,G
339,335,H,G,I
339,335,H,G,K
339,335,H,G,L
339,335,H,G,M
339,335,H,G,N
339,335,H,G,P
339,335,H,G,Q
339,335,H,G,R
339,335,H,G,S
339,335,H,G,T
339,335,H,G,V
339,335,H,G,W
339,335,H,G,Y
340,336,E,E,A
340,336,E,E,D
340,336,E,E,G
340,336,E,E,K
340,336,E,E,Q
340,336,E,E,R
340,336,E,E,S
340,336,E,E,V
341,337,V,V,A
341,337,V,V,D
341,337,V,V,I
341,337,V,V,L
341,337,V,V,S
342,338,F,F,-
342,338,F,F,I
342,338,F,F,L
342,338,F,F,Y
343,339,N,N,-
343,339,N,N,S
344,340,A,A,-
344,340,A,A,D
344,340,A,A,I
344,340,A,A,R
344,340,A,A,S
344,340,A,A,T
344,340,A,A,V
345,341,T,T,-
345,341,T,T,A
345,341,T,T,H
345,341,T,T,I
345,341,T,T,S
346,342,T,R,-
346,342,T,R,A
346,342,T,R,C
346,342,T,R,D
346,342,T,R,E
346,342,T,R,F
346,342,T,R,G
346,342,T,R,H
346,342,T,R,I
346,342,T,R,K
346,342,T,R,L
346,342,T,R,M
346,342,T,R,N
346,342,T,R,P
346,342,T,R,Q
346,342,T,R,R
346,342,T,R,S
346,342,T,R,V
346,342,T,R,W
346,342,T,R,Y
347,343,F,F,-
347,343,F,F,A
347,343,F,F,C
347,343,F,F,D
347,343,F,F,E
347,343,F,F,G
347,343,F,F,H
347,343,F,F,I
347,343,F,F,K
347,343,F,F,L
347,343,F,F,M
347,343,F,F,N
347,343,F,F,P
347,343,F,F,Q
347,343,F,F,R
347,343,F,F,S
347,343,F,F,T
347,343,F,F,V
347,343,F,F,W
347,343,F,F,Y
348,344,A,A,-
348,344,A,A,C
348,344,A,A,D
348,344,A,A,E
348,344,A,A,F
348,344,A,A,G
348,344,A,A,H
348,344,A,A,I
348,344,A,A,K
348,344,A,A,L
348,344,A,A,M
348,344,A,A,N
348,344,A,A,P
348,344,A,A,Q
348,344,A,A,R
348,344,A,A,S
348,344,A,A,T
348,344,A,A,V
348,344,A,A,W
348,344,A,A,Y
349,345,S,S,-
349,345,S,S,A
349,345,S,S,E
349,345,S,S,L
349,345,S,S,P
349,345,S,S,T
350,346,V,V,F
350,346,V,V,I
350,346,V,V,L
351,347,Y,Y,F
351,347,Y,Y,H
351,347,Y,Y,I
351,347,Y,Y,L
351,347,Y,Y,M
352,348,A,A,C
352,348,A,A,D
352,348,A,A,E
352,348,A,A,F
352,348,A,A,G
352,348,A,A,H
352,348,A,A,I
352,348,A,A,K
352,348,A,A,L
352,348,A,A,M
352,348,A,A,N
352,348,A,A,P
352,348,A,A,Q
352,348,A,A,R
352,348,A,A,S
352,348,A,A,T
352,348,A,A,V
352,348,A,A,W
352,348,A,A,Y
353,349,W,W,A
353,349,W,W,G
353,349,W,W,L
353,349,W,W,R
354,350,N,N,D
354,350,N,N,E
354,350,N,N,G
354,350,N,N,H
354,350,N,N,K
354,350,N,N,S
354,350,N,N,T
355,351,R,R,G
355,351,R,R,N
355,351,R,R,S
356,352,K,K,A
356,352,K,K,C
356,352,K,K,D
356,352,K,K,E
356,352,K,K,F
356,352,K,K,G
356,352,K,K,H
356,352,K,K,I
356,352,K,K,L
356,352,K,K,M
356,352,K,K,N
356,352,K,K,P
356,352,K,K,Q
356,352,K,K,R
356,352,K,K,S
356,352,K,K,T
356,352,K,K,V
356,352,K,K,W
356,352,K,K,Y
357,353,R,R,A
357,353,R,R,C
357,353,R,R,D
357,353,R,R,E
357,353,R,R,F
357,353,R,R,G
357,353,R,R,H
357,353,R,R,I
357,353,R,R,K
357,353,R,R,L
357,353,R,R,M
357,353,R,R,N
357,353,R,R,P
357,353,R,R,Q
357,353,R,R,S
357,353,R,R,T
357,353,R,R,V
357,353,R,R,W
357,353,R,R,Y
358,354,I,I,L
358,354,I,I,S
358,354,I,I,V
359,355,S,S,A
359,355,S,S,C
359,355,S,S,D
359,355,S,S,G
359,355,S,S,I
359,355,S,S,L
359,355,S,S,N
359,355,S,S,R
359,355,S,S,T
360,356,N,N,D
360,356,N,N,K
360,356,N,N,L
360,356,N,N,S
360,356,N,N,T
361,357,C,C,G
361,357,C,C,I
361,357,C,C,K
361,357,C,C,T
361,357,C,C,V
362,358,V,V,F
362,358,V,V,I
362,358,V,V,L
363,359,A,A,G
363,359,A,A,L
363,359,A,A,S
363,359,A,A,V
364,360,D,D,G
364,360,D,D,N
364,360,D,D,S
365,361,Y,Y,F
365,361,Y,Y,S
365,361,Y,Y,V
366,362,S,S,A
366,362,S,S,I
366,362,S,S,N
367,363,V,V,A
367,363,V,V,C
367,363,V,V,F
367,363,V,V,I
367,363,V,V,L
367,363,V,V,S
367,363,V,V,Y
368,364,I,L,A
368,364,I,L,C
368,364,I,L,D
368,364,I,L,E
368,364,I,L,F
368,364,I,L,G
368,364,I,L,H
368,364,I,L,K
368,364,I,L,L
368,364,I,L,M
368,364,I,L,N
368,364,I,L,P
368,364,I,L,Q
368,364,I,L,R
368,364,I,L,S
368,364,I,L,T
368,364,I,L,V
368,364,I,L,W
368,364,I,L,Y
369,365,Y,Y,F
369,365,Y,Y,H
369,365,Y,Y,W
370,366,N,N,D
370,366,N,N,H
370,366,N,N,K
370,366,N,N,P
370,366,N,N,R
370,366,N,N,S
370,366,N,N,T
371,367,F,S,A
371,367,F,S,C
371,367,F,S,D
371,367,F,S,E
371,367,F,S,G
371,367,F,S,H
371,367,F,S,I
371,367,F,S,K
371,367,F,S,L
371,367,F,S,M
371,367,F,S,N
371,367,F,S,P
371,367,F,S,Q
371,367,F,S,R
371,367,F,S,S
371,367,F,S,T
371,367,F,S,V
371,367,F,S,W
371,367,F,S,Y
372,368,A,A,G
372,368,A,A,P
372,368,A,A,Q
372,368,A,A,R
372,368,A,A,S
372,368,A,A,T
372,368,A,A,V
373,369,P,S,A
373,369,P,S,C
373,369,P,S,D
373,369,P,S,E
373,369,P,S,F
373,369,P,S,G
373,369,P,S,H
373,369,P,S,I
373,369,P,S,K
373,369,P,S,L
373,369,P,S,M
373,369,P,S,N
373,369,P,S,Q
373,369,P,S,R
373,369,P,S,S
373,369,P,S,T
373,369,P,S,V
373,369,P,S,W
373,369,P,S,Y
374,370,F,F,I
374,370,F,F,L
374,370,F,F,S
374,370,F,F,Y
375,371,F,S,A
375,371,F,S,C
375,371,F,S,D
375,371,F,S,E
375,371,F,S,G
375,371,F,S,H
375,371,F,S,I
375,371,F,S,K
375,371,F,S,L
375,371,F,S,M
375,371,F,S,N
375,371,F,S,P
375,371,F,S,Q
375,371,F,S,R
375,371,F,S,S
375,371,F,S,T
375,371,F,S,V
375,371,F,S,W
375,371,F,S,Y
376,372,A,T,C
376,372,A,T,D
376,372,A,T,E
376,372,A,T,F
376,372,A,T,G
376,372,A,T,H
376,372,A,T,I
376,372,A,T,K
376,372,A,T,L
376,372,A,T,M
376,372,A,T,N
376,372,A,T,P
376,372,A,T,Q
376,372,A,T,R
376,372,A,T,S
376,372,A,T,T
376,372,A,T,V
376,372,A,T,W
376,372,A,T,Y
377,373,F,F,L
377,373,F,F,M
377,373,F,F,R
377,373,F,F,Y
378,374,K,K,E
378,374,K,K,M
378,374,K,K,N
378,374,K,K,P
378,374,K,K,R
378,374,K,K,V
379,375,C,C,G
379,375,C,C,K
379,375,C,C,T
380,376,Y,Y,F
380,376,Y,Y,L
380,376,Y,Y,S
381,377,G,G,L
381,377,G,G,N
381,377,G,G,R
382,378,V,V,L
383,379,S,S,A
383,379,S,S,C
383,379,S,S,D
383,379,S,S,E
383,379,S,S,F
383,379,S,S,G
383,379,S,S,H
383,379,S,S,I
383,379,S,S,K
383,379,S,S,L
383,379,S,S,M
383,379,S,S,N
383,379,S,S,P
383,379,S,S,Q
383,379,S,S,R
383,379,S,S,T
383,379,S,S,V
383,379,S,S,W
383,379,S,S,Y
384,380,P,P,A
384,380,P,P,H
384,380,P,P,L
384,380,P,P,S
385,381,T,T,A
385,381,T,T,C
385,381,T,T,D
385,381,T,T,E
385,381,T,T,F
385,381,T,T,G
385,381,T,T,H
385,381,T,T,I
385,381,T,T,K
385,381,T,T,L
385,381,T,T,M
385,381,T,T,N
385,381,T,T,P
385,381,T,T,Q
385,381,T,T,R
385,381,T,T,S
385,381,T,T,V
385,381,T,T,W
385,381,T,T,Y
386,382,K,K,E
386,382,K,K,L
386,382,K,K,R
387,383,L,L,S
387,383,L,L,V
388,384,N,N,D
388,384,N,N,R
388,384,N,N,S
388,384,N,N,V
389,385,D,D,E
389,385,D,D,G
389,385,D,D,N
389,385,D,D,V
390,386,L,L,F
390,386,L,L,I
390,386,L,L,M
391,387,C,C,I
391,387,C,C,M
391,387,C,C,S
392,388,F,F,L
392,388,F,F,S
393,389,T,T,A
393,389,T,T,E
393,389,T,T,I
393,389,T,T,M
393,389,T,T,S
394,390,N,N,D
394,390,N,N,L
394,390,N,N,Q
394,390,N,N,S
394,390,N,N,T
394,390,N,N,Y
395,391,V,V,F
395,391,V,V,I
395,391,V,V,L
396,392,Y,Y,F
396,392,Y,Y,H
396,392,Y,Y,L
397,393,A,A,L
397,393,A,A,S
397,393,A,A,T
397,393,A,A,V
398,394,D,D,P
399,395,S,S,A
399,395,S,S,L
400,396,F,F,A
400,396,F,F,L
400,396,F,F,T
401,397,V,V,I
401,397,V,V,L
402,398,I,I,C
402,398,I,I,L
402,398,I,I,M
402,398,I,I,V
403,399,R,R,A
403,399,R,R,C
403,399,R,R,D
403,399,R,R,E
403,399,R,R,F
403,399,R,R,G
403,399,R,R,H
403,399,R,R,I
403,399,R,R,K
403,399,R,R,L
403,399,R,R,M
403,399,R,R,N
403,399,R,R,P
403,399,R,R,Q
403,399,R,R,S
403,399,R,R,T
403,399,R,R,V
403,399,R,R,W
403,399,R,R,Y
404,400,G,G,C
404,400,G,G,P
404,400,G,G,S
405,401,N,D,A
405,401,N,D,C
405,401,N,D,D
405,401,N,D,E
405,401,N,D,F
405,401,N,D,G
405,401,N,D,H
405,401,N,D,I
405,401,N,D,K
405,401,N,D,L
405,401,N,D,M
405,401,N,D,P
405,401,N,D,Q
405,401,N,D,R
405,401,N,D,S
405,401,N,D,T
405,401,N,D,V
405,401,N,D,W
405,401,N,D,Y
406,402,E,E,D
406,402,E,E,K
406,402,E,E,Q
407,403,V,V,I
407,403,V,V,S
408,404,S,R,A
408,404,S,R,C
408,404,S,R,D
408,404,S,R,E
408,404,S,R,F
408,404,S,R,G
408,404,S,R,H
408,404,S,R,I
408,404,S,R,K
408,404,S,R,L
408,404,S,R,M
408,404,S,R,N
408,404,S,R,P
408,404,S,R,Q
408,404,S,R,R
408,404,S,R,T
408,404,S,R,V
408,404,S,R,W
408,404,S,R,Y
409,405,Q,Q,K
409,405,Q,Q,N
410,406,I,I,A
410,406,I,I,L
410,406,I,I,M
410,406,I,I,S
410,406,I,I,T
410,406,I,I,V
411,407,A,A,C
411,407,A,A,G
411,407,A,A,L
411,407,A,A,S
411,407,A,A,T
411,407,A,A,V
412,408,P,P,L
412,408,P,P,N
412,408,P,P,Q
413,409,G,G,A
413,409,G,G,E
413,409,G,G,K
413,409,G,G,R
413,409,G,G,S
413,409,G,G,V
413,409,G,G,W
414,410,Q,Q,H
414,410,Q,Q,K
414,410,Q,Q,L
414,410,Q,Q,P
414,410,Q,Q,R
415,411,T,T,A
415,411,T,T,C
415,411,T,T,I
415,411,T,T,K
415,411,T,T,L
415,411,T,T,N
415,411,T,T,S
416,412,G,G,E
416,412,G,G,N
416,412,G,G,W
417,413,N,K,A
417,413,N,K,C
417,413,N,K,D
417,413,N,K,E
417,413,N,K,F
417,413,N,K,G
417,413,N,K,H
417,413,N,K,I
417,413,N,K,K
417,413,N,K,L
417,413,N,K,M
417,413,N,K,P
417,413,N,K,Q
417,413,N,K,R
417,413,N,K,S
417,413,N,K,T
417,413,N,K,V
417,413,N,K,W
417,413,N,K,Y
418,414,I,I,C
418,414,I,I,V
419,415,A,A,I
419,415,A,A,S
419,415,A,A,T
419,415,A,A,V
420,416,D,D,A
420,416,D,D,C
420,416,D,D,E
420,416,D,D,F
420,416,D,D,G
420,416,D,D,H
420,416,D,D,I
420,416,D,D,K
420,416,D,D,L
420,416,D,D,M
420,416,D,D,N
420,416,D,D,P
420,416,D,D,Q
420,416,D,D,R
420,416,D,D,S
420,416,D,D,T
420,416,D,D,V
420,416,D,D,W
420,416,D,D,Y
421,417,Y,Y,A
421,417,Y,Y,C
421,417,Y,Y,D
421,417,Y,Y,E
421,417,Y,Y,F
421,417,Y,Y,G
421,417,Y,Y,H
421,417,Y,Y,I
421,417,Y,Y,K
421,417,Y,Y,L
421,417,Y,Y,M
421,417,Y,Y,N
421,417,Y,Y,P
421,417,Y,Y,Q
421,417,Y,Y,R
421,417,Y,Y,S
421,417,Y,Y,T
421,417,Y,Y,V
421,417,Y,Y,W
423,419,Y,Y,C
423,419,Y,Y,F
423,419,Y,Y,W
424,420,K,K,N
424,420,K,K,Q
424,420,K,K,Y
425,421,L,L,F
425,421,L,L,I
425,421,L,L,M
426,422,P,P,S
426,422,P,P,T
427,423,D,D,A
427,423,D,D,E
427,423,D,D,G
427,423,D,D,H
427,423,D,D,N
427,423,D,D,R
427,423,D,D,V
427,423,D,D,Y
428,424,D,D,E
428,424,D,D,G
428,424,D,D,H
428,424,D,D,Y
429,425,F,F,L
430,426,T,T,A
430,426,T,T,I
430,426,T,T,P
430,426,T,T,S
432,428,C,C,T
433,429,V,V,F
433,429,V,V,G
433,429,V,V,I
434,430,I,I,L
434,430,I,I,M
434,430,I,I,T
434,430,I,I,V
435,431,A,A,I
435,431,A,A,L
435,431,A,A,S
435,431,A,A,T
435,431,A,A,V
436,432,W,W,L
436,432,W,W,T
436,432,W,W,Y
437,433,N,N,E
439,435,N,N,A
439,435,N,N,C
439,435,N,N,D
439,435,N,N,E
439,435,N,N,F
439,435,N,N,G
439,435,N,N,H
439,435,N,N,I
439,435,N,N,K
439,435,N,N,L
439,435,N,N,M
439,435,N,N,P
439,435,N,N,Q
439,435,N,N,R
439,435,N,N,S
439,435,N,N,T
439,435,N,N,V
439,435,N,N,W
439,435,N,N,Y
440,436,K,N,A
440,436,K,N,C
440,436,K,N,D
440,436,K,N,E
440,436,K,N,F
440,436,K,N,G
440,436,K,N,H
440,436,K,N,I
440,436,K,N,L
440,436,K,N,M
440,436,K,N,N
440,436,K,N,P
440,436,K,N,Q
440,436,K,N,R
440,436,K,N,S
440,436,K,N,T
440,436,K,N,V
440,436,K,N,W
440,436,K,N,Y
441,437,L,L,F
441,437,L,L,I
441,437,L,L,P
441,437,L,L,R
442,438,D,D,V
443,439,S,S,A
443,439,S,S,F
444,440,K,K,-
444,440,K,K,A
444,440,K,K,C
444,440,K,K,D
444,440,K,K,E
444,440,K,K,F
444,440,K,K,G
444,440,K,K,H
444,440,K,K,I
444,440,K,K,L
444,440,K,K,M
444,440,K,K,N
444,440,K,K,P
444,440,K,K,Q
444,440,K,K,R
444,440,K,K,S
444,440,K,K,T
444,440,K,K,V
444,440,K,K,W
444,440,K,K,Y
445,441,P,V,-
445,441,P,V,A
445,441,P,V,C
445,441,P,V,D
445,441,P,V,E
445,441,P,V,F
445,441,P,V,G
445,441,P,V,H
445,441,P,V,I
445,441,P,V,K
445,441,P,V,L
445,441,P,V,M
445,441,P,V,N
445,441,P,V,Q
445,441,P,V,R
445,441,P,V,S
445,441,P,V,T
445,441,P,V,V
445,441,P,V,W
445,441,P,V,Y
446,442,S,G,-
446,442,S,G,A
446,442,S,G,C
446,442,S,G,D
446,442,S,G,E
446,442,S,G,F
446,442,S,G,G
446,442,S,G,H
446,442,S,G,I
446,442,S,G,K
446,442,S,G,L
446,442,S,G,M
446,442,S,G,N
446,442,S,G,P
446,442,S,G,Q
446,442,S,G,R
446,442,S,G,T
446,442,S,G,V
446,442,S,G,W
446,442,S,G,Y
447,443,G,G,-
447,443,G,G,A
447,443,G,G,C
447,443,G,G,D
447,443,G,G,E
447,443,G,G,F
447,443,G,G,H
447,443,G,G,I
447,443,G,G,K
447,443,G,G,L
447,443,G,G,M
447,443,G,G,N
447,443,G,G,P
447,443,G,G,Q
447,443,G,G,R
447,443,G,G,S
447,443,G,G,T
447,443,G,G,V
447,443,G,G,W
447,443,G,G,Y
448,444,N,N,-
448,444,N,N,D
448,444,N,N,K
448,444,N,N,S
448,444,N,N,T
448,444,N,N,Y
449,445,Y,Y,-
449,445,Y,Y,A
449,445,Y,Y,C
449,445,Y,Y,D
449,445,Y,Y,E
449,445,Y,Y,F
449,445,Y,Y,G
449,445,Y,Y,H
449,445,Y,Y,I
449,445,Y,Y,K
449,445,Y,Y,L
449,445,Y,Y,M
449,445,Y,Y,N
449,445,Y,Y,P
449,445,Y,Y,Q
449,445,Y,Y,R
449,445,Y,Y,S
449,445,Y,Y,T
449,445,Y,Y,V
449,445,Y,Y,W
450,446,N,N,A
450,446,N,N,C
450,446,N,N,D
450,446,N,N,E
450,446,N,N,F
450,446,N,N,G
450,446,N,N,H
450,446,N,N,I
450,446,N,N,K
450,446,N,N,L
450,446,N,N,M
450,446,N,N,P
450,446,N,N,Q
450,446,N,N,R
450,446,N,N,S
450,446,N,N,T
450,446,N,N,V
450,446,N,N,W
450,446,N,N,Y
451,447,Y,Y,A
451,447,Y,Y,C
451,447,Y,Y,D
451,447,Y,Y,E
451,447,Y,Y,F
451,447,Y,Y,G
451,447,Y,Y,H
451,447,Y,Y,I
451,447,Y,Y,K
451,447,Y,Y,L
451,447,Y,Y,M
451,447,Y,Y,N
451,447,Y,Y,P
451,447,Y,Y,Q
451,447,Y,Y,R
451,447,Y,Y,S
451,447,Y,Y,T
451,447,Y,Y,V
451,447,Y,Y,W
452,448,L,L,A
452,448,L,L,C
452,448,L,L,D
452,448,L,L,E
452,448,L,L,F
452,448,L,L,G
452,448,L,L,H
452,448,L,L,I
452,448,L,L,K
452,448,L,L,M
452,448,L,L,N
452,448,L,L,P
452,448,L,L,Q
452,448,L,L,R
452,448,L,L,S
452,448,L,L,T
452,448,L,L,V
452,448,L,L,W
452,448,L,L,Y
453,449,Y,Y,A
453,449,Y,Y,C
453,449,Y,Y,D
453,449,Y,Y,E
453,449,Y,Y,F
453,449,Y,Y,G
453,449,Y,Y,H
453,449,Y,Y,I
453,449,Y,Y,K
453,449,Y,Y,L
453,449,Y,Y,M
453,449,Y,Y,N
453,449,Y,Y,P
453,449,Y,Y,Q
453,449,Y,Y,R
453,449,Y,Y,S
453,449,Y,Y,T
453,449,Y,Y,V
453,449,Y,Y,W
454,450,R,R,E
455,451,L,L,A
455,451,L,L,C
455,451,L,L,D
455,451,L,L,E
455,451,L,L,F
455,451,L,L,G
455,451,L,L,H
455,451,L,L,I
455,451,L,L,K
455,451,L,L,M
455,451,L,L,N
455,451,L,L,P
455,451,L,L,Q
455,451,L,L,R
455,451,L,L,S
455,451,L,L,T
455,451,L,L,V
455,451,L,L,W
455,451,L,L,Y
456,452,F,F,A
456,452,F,F,C
456,452,F,F,D
456,452,F,F,E
456,452,F,F,G
456,452,F,F,H
456,452,F,F,I
456,452,F,F,K
456,452,F,F,L
456,452,F,F,M
456,452,F,F,N
456,452,F,F,P
456,452,F,F,Q
456,452,F,F,R
456,452,F,F,S
456,452,F,F,T
456,452,F,F,V
456,452,F,F,W
456,452,F,F,Y
457,453,R,R,G
457,453,R,R,Q
457,453,R,R,S
458,454,K,K,E
458,454,K,K,L
458,454,K,K,N
458,454,K,K,R
458,454,K,K,S
458,454,K,K,T
459,455,S,S,A
459,455,S,S,F
459,455,S,S,K
459,455,S,S,P
459,455,S,S,Y
460,456,K,N,A
460,456,K,N,C
460,456,K,N,D
460,456,K,N,E
460,456,K,N,F
460,456,K,N,G
460,456,K,N,H
460,456,K,N,I
460,456,K,N,L
460,456,K,N,M
460,456,K,N,N
460,456,K,N,P
460,456,K,N,Q
460,456,K,N,R
460,456,K,N,S
460,456,K,N,T
460,456,K,N,V
460,456,K,N,W
460,456,K,N,Y
461,457,L,L,I
462,458,K,K,A
462,458,K,K,C
462,458,K,K,D
462,458,K,K,E
462,458,K,K,F
462,458,K,K,G
462,458,K,K,H
462,458,K,K,I
462,458,K,K,L
462,458,K,K,M
462,458,K,K,N
462,458,K,K,P
462,458,K,K,Q
462,458,K,K,R
462,458,K,K,S
462,458,K,K,T
462,458,K,K,V
462,458,K,K,W
462,458,K,K,Y
463,459,P,P,A
463,459,P,P,G
463,459,P,P,L
463,459,P,P,R
463,459,P,P,S
463,459,P,P,T
464,460,F,F,L
464,460,F,F,S
464,460,F,F,Y
465,461,E,E,A
465,461,E,E,D
465,461,E,E,G
466,462,R,R,I
467,463,D,D,Y
468,464,I,I,A
468,464,I,I,C
468,464,I,I,D
468,464,I,I,E
468,464,I,I,F
468,464,I,I,G
468,464,I,I,H
468,464,I,I,K
468,464,I,I,L
468,464,I,I,M
468,464,I,I,N
468,464,I,I,P
468,464,I,I,Q
468,464,I,I,R
468,464,I,I,S
468,464,I,I,T
468,464,I,I,V
468,464,I,I,W
468,464,I,I,Y
469,465,S,S,A
469,465,S,S,C
469,465,S,S,L
470,466,T,T,A
470,466,T,T,I
470,466,T,T,K
470,466,T,T,N
470,466,T,T,S
471,467,E,E,A
471,467,E,E,D
471,467,E,E,G
471,467,E,E,K
471,467,E,E,Q
471,467,E,E,S
471,467,E,E,V
472,468,I,I,A
472,468,I,I,C
472,468,I,I,D
472,468,I,I,E
472,468,I,I,F
472,468,I,I,G
472,468,I,I,H
472,468,I,I,K
472,468,I,I,L
472,468,I,I,M
472,468,I,I,N
472,468,I,I,P
472,468,I,I,Q
472,468,I,I,R
472,468,I,I,S
472,468,I,I,T
472,468,I,I,V
472,468,I,I,W
472,468,I,I,Y
473,469,Y,Y,A
473,469,Y,Y,C
473,469,Y,Y,D
473,469,Y,Y,E
473,469,Y,Y,F
473,469,Y,Y,G
473,469,Y,Y,H
473,469,Y,Y,I
473,469,Y,Y,K
473,469,Y,Y,L
473,469,Y,Y,M
473,469,Y,Y,N
473,469,Y,Y,P
473,469,Y,Y,Q
473,469,Y,Y,R
473,469,Y,Y,S
473,469,Y,Y,T
473,469,Y,Y,V
473,469,Y,Y,W
474,470,Q,Q,E
474,470,Q,Q,F
474,470,Q,Q,H
474,470,Q,Q,K
474,470,Q,Q,R
475,471,A,A,C
475,471,A,A,D
475,471,A,A,E
475,471,A,A,F
475,471,A,A,G
475,471,A,A,H
475,471,A,A,I
475,471,A,A,K
475,471,A,A,L
475,471,A,A,M
475,471,A,A,N
475,471,A,A,P
475,471,A,A,Q
475,471,A,A,R
475,471,A,A,S
475,471,A,A,T
475,471,A,A,V
475,471,A,A,W
475,471,A,A,Y
476,472,G,G,A
476,472,G,G,C
476,472,G,G,D
476,472,G,G,K
476,472,G,G,S
476,472,G,G,T
476,472,G,G,V
477,473,N,S,A
477,473,N,S,C
477,473,N,S,D
477,473,N,S,E
477,473,N,S,F
477,473,N,S,G
477,473,N,S,H
477,473,N,S,I
477,473,N,S,K
477,473,N,S,L
477,473,N,S,M
477,473,N,S,P
477,473,N,S,Q
477,473,N,S,R
477,473,N,S,S
477,473,N,S,T
477,473,N,S,V
477,473,N,S,W
477,473,N,S,Y
478,474,K,T,A
478,474,K,T,C
478,474,K,T,D
478,474,K,T,E
478,474,K,T,F
478,474,K,T,G
478,474,K,T,H
478,474,K,T,I
478,474,K,T,L
478,474,K,T,M
478,474,K,T,N
478,474,K,T,P
478,474,K,T,Q
478,474,K,T,R
478,474,K,T,S
478,474,K,T,T
478,474,K,T,V
478,474,K,T,W
478,474,K,T,Y
479,475,P,P,A
479,475,P,P,H
479,475,P,P,L
479,475,P,P,R
479,475,P,P,S
479,475,P,P,T
480,476,C,C,T
481,477,N,N,D
481,477,N,N,I
481,477,N,N,K
481,477,N,N,S
481,477,N,N,T
481,477,N,N,Y
482,478,G,G,A
482,478,G,G,D
482,478,G,G,R
482,478,G,G,S
482,478,G,G,V
483,479,V,V,-
483,479,V,V,A
483,479,V,V,C
483,479,V,V,D
483,479,V,V,E
483,479,V,V,F
483,479,V,V,G
483,479,V,V,H
483,479,V,V,I
483,479,V,V,K
483,479,V,V,L
483,479,V,V,M
483,479,V,V,N
483,479,V,V,P
483,479,V,V,Q
483,479,V,V,R
483,479,V,V,S
483,479,V,V,T
483,479,V,V,W
483,479,V,V,Y
484,480,A,E,-
484,480,A,E,C
484,480,A,E,D
484,480,A,E,E
484,480,A,E,F
484,480,A,E,G
484,480,A,E,H
484,480,A,E,I
484,480,A,E,K
484,480,A,E,L
484,480,A,E,M
484,480,A,E,N
484,480,A,E,P
484,480,A,E,Q
484,480,A,E,R
484,480,A,E,S
484,480,A,E,T
484,480,A,E,V
484,480,A,E,W
484,480,A,E,Y
485,481,G,G,-
485,481,G,G,A
485,481,G,G,C
485,481,G,G,D
485,481,G,G,E
485,481,G,G,F
485,481,G,G,H
485,481,G,G,I
485,481,G,G,K
485,481,G,G,L
485,481,G,G,M
485,481,G,G,N
485,481,G,G,P
485,481,G,G,Q
485,481,G,G,R
485,481,G,G,S
485,481,G,G,T
485,481,G,G,V
485,481,G,G,W
485,481,G,G,Y
486,482,P,F,-
486,482,P,F,A
486,482,P,F,C
486,482,P,F,D
486,482,P,F,E
486,482,P,F,F
486,482,P,F,G
486,482,P,F,H
486,482,P,F,I
486,482,P,F,K
486,482,P,F,L
486,482,P,F,M
486,482,P,F,N
486,482,P,F,Q
486,482,P,F,R
486,482,P,F,S
486,482,P,F,T
486,482,P,F,V
486,482,P,F,W
486,482,P,F,Y
487,483,N,N,D
487,483,N,N,K
487,483,N,N,S
487,483,N,N,T
488,484,C,C,I
488,484,C,C,V
489,485,Y,Y,H
489,485,Y,Y,L
489,485,Y,Y,W
490,486,F,F,A
490,486,F,F,C
490,486,F,F,D
490,486,F,F,E
490,486,F,F,G
490,486,F,F,H
490,486,F,F,I
490,486,F,F,K
490,486,F,F,L
490,486,F,F,M
490,486,F,F,N
490,486,F,F,P
490,486,F,F,Q
490,486,F,F,R
490,486,F,F,S
490,486,F,F,T
490,486,F,F,V
490,486,F,F,W
490,486,F,F,Y
491,487,P,P,L
491,487,P,P,S
491,487,P,P,T
492,488,L,L,F
492,488,L,L,T
493,489,Q,Q,E
493,489,Q,Q,H
493,489,Q,Q,K
493,489,Q,Q,L
493,489,Q,Q,R
494,490,S,S,A
494,490,S,S,C
494,490,S,S,D
494,490,S,S,E
494,490,S,S,F
494,490,S,S,G
494,490,S,S,H
494,490,S,S,I
494,490,S,S,K
494,490,S,S,L
494,490,S,S,M
494,490,S,S,N
494,490,S,S,P
494,490,S,S,Q
494,490,S,S,R
494,490,S,S,T
494,490,S,S,V
494,490,S,S,W
494,490,S,S,Y
495,491,Y,Y,H
495,491,Y,Y,I
495,491,Y,Y,W
496,492,G,G,A
496,492,G,G,C
496,492,G,G,N
496,492,G,G,S
496,492,G,G,T
496,492,G,G,V
497,493,F,F,H
497,493,F,F,L
497,493,F,F,W
498,494,R,Q,A
498,494,R,Q,C
498,494,R,Q,D
498,494,R,Q,E
498,494,R,Q,F
498,494,R,Q,G
498,494,R,Q,H
498,494,R,Q,I
498,494,R,Q,K
498,494,R,Q,L
498,494,R,Q,M
498,494,R,Q,N
498,494,R,Q,P
498,494,R,Q,Q
498,494,R,Q,S
498,494,R,Q,T
498,494,R,Q,V
498,494,R,Q,W
498,494,R,Q,Y
499,495,P,P,H
499,495,P,P,L
499,495,P,P,R
499,495,P,P,S
499,495,P,P,T
500,496,T,T,A
500,496,T,T,N
500,496,T,T,S
501,497,Y,N,A
501,497,Y,N,C
501,497,Y,N,D
501,497,Y,N,E
501,497,Y,N,F
501,497,Y,N,G
501,497,Y,N,H
501,497,Y,N,I
501,497,Y,N,K
501,497,Y,N,L
501,497,Y,N,M
501,497,Y,N,N
501,497,Y,N,P
501,497,Y,N,Q
501,497,Y,N,R
501,497,Y,N,S
501,497,Y,N,T
501,497,Y,N,V
501,497,Y,N,W
503,499,V,V,A
503,499,V,V,F
503,499,V,V,I
503,499,V,V,L
504,500,G,G,A
504,500,G,G,C
504,500,G,G,D
504,500,G,G,E
504,500,G,G,F
504,500,G,G,H
504,500,G,G,I
504,500,G,G,K
504,500,G,G,L
504,500,G,G,M
504,500,G,G,N
504,500,G,G,P
504,500,G,G,Q
504,500,G,G,R
504,500,G,G,S
504,500,G,G,T
504,500,G,G,V
504,500,G,G,W
504,500,G,G,Y
505,501,H,Y,A
505,501,H,Y,C
505,501,H,Y,D
505,501,H,Y,E
505,501,H,Y,F
505,501,H,Y,G
505,501,H,Y,I
505,501,H,Y,K
505,501,H,Y,L
505,501,H,Y,M
505,501,H,Y,N
505,501,H,Y,P
505,501,H,Y,Q
505,501,H,Y,R
505,501,H,Y,S
505,501,H,Y,T
505,501,H,Y,V
505,501,H,Y,W
505,501,H,Y,Y
507,503,P,P,S
508,504,Y,Y,C
508,504,Y,Y,H
509,505,R,R,M
510,506,V,V,I
510,506,V,V,L
511,507,V,V,I
511,507,V,V,L
512,508,V,V,A
512,508,V,V,I
512,508,V,V,L
513,509,L,L,F
513,509,L,L,I
514,510,S,S,A
514,510,S,S,F
514,510,S,S,N
514,510,S,S,T
514,510,S,S,Y
515,511,F,F,L
515,511,F,F,S
516,512,E,E,A
516,512,E,E,D
516,512,E,E,K
516,512,E,E,Q
517,513,L,L,F
517,513,L,L,I
517,513,L,L,P
517,513,L,L,V
518,514,L,L,I
518,514,L,L,P
518,514,L,L,Q
518,514,L,L,V
519,515,H,H,D
519,515,H,H,L
519,515,H,H,N
519,515,H,H,Q
519,515,H,H,R
519,515,H,H,Y
520,516,A,A,E
520,516,A,A,G
520,516,A,A,P
520,516,A,A,S
520,516,A,A,T
520,516,A,A,V
521,517,P,P,L
521,517,P,P,Q
521,517,P,P,R
521,517,P,P,S
521,517,P,P,T
522,518,A,A,E
522,518,A,A,P
522,518,A,A,S
522,518,A,A,T
522,518,A,A,V
523,519,T,T,A
523,519,T,T,I
523,519,T,T,N
523,519,T,T,P
523,519,T,T,S
527,523,P,P,H
527,523,P,P,S
528,524,K,K,E
528,524,K,K,I
528,524,K,K,R
529,525,K,K,E
529,525,K,K,N
529,525,K,K,Q
529,525,K,K,R
529,525,K,K,T
532,528,N,N,D
532,528,N,N,H
532,528,N,N,I
532,528,N,N,K
532,528,N,N,S
532,528,N,N,T
532,528,N,N,Y
533,529,L,L,F
534,530,V,V,A
534,530,V,V,F
534,530,V,V,I
534,530,V,V,L
535,531,K,K,R
535,531,K,K,T
536,532,N,N,D
536,532,N,N,K
536,532,N,N,Q
536,532,N,N,S
537,533,K,K,M
537,533,K,K,N
537,533,K,K,R
538,534,C,C,M
539,535,V,V,C
539,535,V,V,I
540,536,N,N,D
540,536,N,N,H
540,536,N,N,K
540,536,N,N,Q
540,536,N,N,S
540,536,N,N,T
540,536,N,N,Y
541,537,F,F,L
542,538,N,N,K
542,538,N,N,Q
543,539,F,F,L
543,539,F,F,S
543,539,F,F,V
544,540,N,N,M
545,541,G,G,V
546,542,L,L,F
546,542,L,L,I
546,542,L,L,V
547,543,T,T,A
547,543,T,T,C
547,543,T,T,D
547,543,T,T,E
547,543,T,T,F
547,543,T,T,G
547,543,T,T,H
547,543,T,T,I
547,543,T,T,K
547,543,T,T,L
547,543,T,T,M
547,543,T,T,N
547,543,T,T,P
547,543,T,T,Q
547,543,T,T,R
547,543,T,T,S
547,543,T,T,V
547,543,T,T,W
547,543,T,T,Y
548,544,G,G,A
548,544,G,G,R
548,544,G,G,S
549,545,T,T,A
549,545,T,T,I
549,545,T,T,Q
549,545,T,T,S
550,546,G,G,V
551,547,V,V,F
551,547,V,V,I
552,548,L,L,F
552,548,L,L,I
552,548,L,L,V
553,549,T,T,A
553,549,T,T,I
553,549,T,T,L
553,549,T,T,N
553,549,T,T,S
554,550,E,E,A
554,550,E,E,D
554,550,E,E,G
554,550,E,E,K
554,550,E,E,Q
554,550,E,E,S
554,550,E,E,V
555,551,S,S,L
556,552,N,N,D
556,552,N,N,I
556,552,N,N,K
556,552,N,N,S
556,552,N,N,T
556,552,N,N,Y
558,554,K,K,E
558,554,K,K,M
558,554,K,K,N
558,554,K,K,Q
558,554,K,K,R
558,554,K,K,S
559,555,F,F,I
559,555,F,F,V
560,556,L,L,C
560,556,L,L,Q
560,556,L,L,S
561,557,P,P,A
561,557,P,P,H
561,557,P,P,L
561,557,P,P,S
561,557,P,P,T
564,560,Q,Q,E
564,560,Q,Q,H
564,560,Q,Q,L
565,561,F,F,I
565,561,F,F,L
565,561,F,F,S
565,561,F,F,V
565,561,F,F,Y
566,562,G,G,S
567,563,R,R,I
567,563,R,R,K
567,563,R,R,N
567,563,R,R,S
568,564,D,D,G
568,564,D,D,N
569,565,I,I,F
569,565,I,I,L
569,565,I,I,M
569,565,I,I,T
569,565,I,I,V
570,566,A,A,D
570,566,A,A,G
570,566,A,A,S
570,566,A,A,T
570,566,A,A,V
570,566,A,A,Y
571,567,D,D,E
571,567,D,D,G
571,567,D,D,Y
572,568,T,T,A
572,568,T,T,C
572,568,T,T,D
572,568,T,T,E
572,568,T,T,F
572,568,T,T,G
572,568,T,T,H
572,568,T,T,I
572,568,T,T,K
572,568,T,T,L
572,568,T,T,M
572,568,T,T,N
572,568,T,T,P
572,568,T,T,Q
572,568,T,T,R
572,568,T,T,S
572,568,T,T,V
572,568,T,T,W
572,568,T,T,Y
573,569,T,T,A
573,569,T,T,I
573,569,T,T,L
574,570,D,D,H
574,570,D,D,N
574,570,D,D,V
574,570,D,D,Y
575,571,A,A,G
575,571,A,A,S
575,571,A,A,V
576,572,V,V,F
576,572,V,V,I
577,573,R,R,C
577,573,R,R,L
579,575,P,P,S
580,576,Q,Q,E
580,576,Q,Q,H
580,576,Q,Q,K
580,576,Q,Q,L
580,576,Q,Q,M
580,576,Q,Q,R
581,577,T,T,S
582,578,L,L,F
582,578,L,L,H
582,578,L,L,R
583,579,E,E,A
583,579,E,E,C
583,579,E,E,D
583,579,E,E,F
583,579,E,E,G
583,579,E,E,H
583,579,E,E,I
583,579,E,E,K
583,579,E,E,L
583,579,E,E,M
583,579,E,E,N
583,579,E,E,P
583,579,E,E,Q
583,579,E,E,R
583,579,E,E,S
583,579,E,E,T
583,579,E,E,V
583,579,E,E,W
583,579,E,E,Y
584,580,I,I,M
584,580,I,I,T
584,580,I,I,V
585,581,L,L,F
585,581,L,L,I
586,582,D,D,G
586,582,D,D,N
586,582,D,D,S
587,583,I,I,L
587,583,I,I,V
588,584,T,T,A
588,584,T,T,I
588,584,T,T,K
588,584,T,T,R
588,584,T,T,S
589,585,P,P,H
589,585,P,P,S
591,587,S,S,A
591,587,S,S,F
591,587,S,S,P
591,587,S,S,T
592,588,F,F,L
592,588,F,F,S
592,588,F,F,V
593,589,G,G,V
594,590,G,G,D
594,590,G,G,F
594,590,G,G,S
594,590,G,G,V
595,591,V,V,I
596,592,S,S,I
596,592,S,S,N
596,592,S,S,T
597,593,V,V,I
598,594,I,I,L
598,594,I,I,V
599,595,T,T,H
599,595,T,T,I
600,596,P,P,L
600,596,P,P,R
600,596,P,P,S
601,597,G,G,H
602,598,T,T,L
603,599,N,N,D
603,599,N,N,H
603,599,N,N,I
603,599,N,N,K
603,599,N,N,R
603,599,N,N,S
603,599,N,N,T
604,600,T,T,A
604,600,T,T,I
604,600,T,T,N
605,601,S,S,L
606,602,N,N,D
606,602,N,N,H
606,602,N,N,K
606,602,N,N,S
606,602,N,N,T
606,602,N,N,Y
607,603,Q,Q,H
607,603,Q,Q,K
607,603,Q,Q,L
607,603,Q,Q,R
608,604,V,V,F
608,604,V,V,I
609,605,A,A,L
609,605,A,A,S
609,605,A,A,V
610,606,V,V,I
610,606,V,V,L
611,607,L,L,F
611,607,L,L,V
612,608,Y,Y,F
613,609,Q,Q,A
613,609,Q,Q,C
613,609,Q,Q,D
613,609,Q,Q,E
613,609,Q,Q,F
613,609,Q,Q,G
613,609,Q,Q,H
613,609,Q,Q,I
613,609,Q,Q,K
613,609,Q,Q,L
613,609,Q,Q,M
613,609,Q,Q,N
613,609,Q,Q,P
613,609,Q,Q,R
613,609,Q,Q,S
613,609,Q,Q,T
613,609,Q,Q,V
613,609,Q,Q,W
613,609,Q,Q,Y
614,610,G,D,A
614,610,G,D,C
614,610,G,D,D
614,610,G,D,E
614,610,G,D,F
614,610,G,D,H
614,610,G,D,I
614,610,G,D,K
614,610,G,D,L
614,610,G,D,M
614,610,G,D,N
614,610,G,D,P
614,610,G,D,Q
614,610,G,D,R
614,610,G,D,S
614,610,G,D,T
614,610,G,D,V
614,610,G,D,W
614,610,G,D,Y
615,611,V,V,A
615,611,V,V,F
615,611,V,V,I
615,611,V,V,L
616,612,N,N,D
616,612,N,N,K
616,612,N,N,S
617,613,C,C,L
618,614,T,T,A
618,614,T,T,I
618,614,T,T,K
618,614,T,T,R
618,614,T,T,S
619,615,E,E,A
619,615,E,E,D
619,615,E,E,G
619,615,E,E,K
619,615,E,E,Q
619,615,E,E,V
620,616,V,V,F
620,616,V,V,I
620,616,V,V,L
621,617,P,P,A
621,617,P,P,C
621,617,P,P,D
621,617,P,P,E
621,617,P,P,F
621,617,P,P,G
621,617,P,P,H
621,617,P,P,I
621,617,P,P,K
621,617,P,P,L
621,617,P,P,M
621,617,P,P,N
621,617,P,P,Q
621,617,P,P,R
621,617,P,P,S
621,617,P,P,T
621,617,P,P,V
621,617,P,P,W
621,617,P,P,Y
622,618,V,V,A
622,618,V,V,F
622,618,V,V,G
622,618,V,V,I
622,618,V,V,L
623,619,A,A,L
623,619,A,A,S
623,619,A,A,T
623,619,A,A,V
624,620,I,I,L
624,620,I,I,M
624,620,I,I,T
624,620,I,I,V
625,621,H,H,N
625,621,H,H,Q
625,621,H,H,R
625,621,H,H,Y
626,622,A,A,Q
626,622,A,A,S
626,622,A,A,T
626,622,A,A,V
627,623,D,D,A
627,623,D,D,E
627,623,D,D,G
627,623,D,D,H
627,623,D,D,N
627,623,D,D,Y
628,624,Q,Q,E
628,624,Q,Q,K
628,624,Q,Q,L
628,624,Q,Q,R
629,625,L,L,F
629,625,L,L,I
630,626,T,T,A
630,626,T,T,I
630,626,T,T,L
630,626,T,T,N
630,626,T,T,S
631,627,P,P,H
631,627,P,P,L
631,627,P,P,S
631,627,P,P,T
632,628,T,T,A
632,628,T,T,I
632,628,T,T,N
632,628,T,T,S
633,629,W,W,C
633,629,W,W,R
634,630,R,R,H
634,630,R,R,L
635,631,V,V,A
635,631,V,V,F
635,631,V,V,G
635,631,V,V,I
635,631,V,V,L
636,632,Y,Y,F
636,632,Y,Y,H
637,633,S,S,A
637,633,S,S,C
637,633,S,S,F
638,634,T,T,A
638,634,T,T,I
638,634,T,T,K
638,634,T,T,R
638,634,T,T,S
639,635,G,G,A
639,635,G,G,C
639,635,G,G,D
639,635,G,G,R
639,635,G,G,S
639,635,G,G,V
640,636,S,S,A
640,636,S,S,C
640,636,S,S,F
640,636,S,S,P
640,636,S,S,T
640,636,S,S,Y
641,637,N,N,D
641,637,N,N,H
641,637,N,N,K
641,637,N,N,R
641,637,N,N,S
641,637,N,N,T
641,637,N,N,Y
642,638,V,V,A
642,638,V,V,F
642,638,V,V,G
642,638,V,V,I
642,638,V,V,L
643,639,F,F,I
643,639,F,F,L
644,640,Q,Q,K
644,640,Q,Q,T
645,641,T,T,H
645,641,T,T,I
646,642,R,R,H
646,642,R,R,L
646,642,R,R,P
647,643,A,A,F
647,643,A,A,S
647,643,A,A,T
647,643,A,A,V
648,644,G,G,P
649,645,C,C,G
649,645,C,C,L
650,646,L,L,C
650,646,L,L,F
650,646,L,L,N
651,647,I,I,M
651,647,I,I,V
651,647,I,I,Y
652,648,G,G,A
652,648,G,G,S
653,649,A,A,C
653,649,A,A,S
653,649,A,A,T
653,649,A,A,V
654,650,E,E,A
654,650,E,E,D
654,650,E,E,G
654,650,E,E,K
654,650,E,E,Q
654,650,E,E,R
654,650,E,E,T
654,650,E,E,V
655,651,Y,H,A
655,651,Y,H,C
655,651,Y,H,D
655,651,Y,H,E
655,651,Y,H,F
655,651,Y,H,G
655,651,Y,H,H
655,651,Y,H,I
655,651,Y,H,K
655,651,Y,H,L
655,651,Y,H,M
655,651,Y,H,N
655,651,Y,H,P
655,651,Y,H,Q
655,651,Y,H,R
655,651,Y,H,S
655,651,Y,H,T
655,651,Y,H,V
655,651,Y,H,W
656,652,V,V,A
656,652,V,V,I
656,652,V,V,M
656,652,V,V,T
657,653,N,N,D
657,653,N,N,K
657,653,N,N,S
657,653,N,N,Y
658,654,N,N,D
658,654,N,N,H
658,654,N,N,I
658,654,N,N,K
658,654,N,N,S
658,654,N,N,T
658,654,N,N,V
658,654,N,N,Y
659,655,S,S,A
659,655,S,S,L
659,655,S,S,P
659,655,S,S,T
659,655,S,S,Y
660,656,Y,Y,F
660,656,Y,Y,H
660,656,Y,Y,L
661,657,E,E,A
661,657,E,E,D
661,657,E,E,G
661,657,E,E,Q
661,657,E,E,V
663,659,D,D,R
664,660,I,I,F
664,660,I,I,K
664,660,I,I,V
665,661,P,P,S
666,662,I,I,C
666,662,I,I,L
666,662,I,I,N
666,662,I,I,S
666,662,I,I,V
667,663,G,G,F
667,663,G,G,S
668,664,A,A,G
668,664,A,A,S
668,664,A,A,V
669,665,G,G,N
669,665,G,G,S
670,666,I,I,L
670,666,I,I,M
670,666,I,I,T
670,666,I,I,V
672,668,A,A,R
672,668,A,A,S
672,668,A,A,T
672,668,A,A,V
673,669,S,S,G
673,669,S,S,I
673,669,S,S,L
673,669,S,S,R
673,669,S,S,T
674,670,Y,Y,F
674,670,Y,Y,H
675,671,Q,Q,H
675,671,Q,Q,K
675,671,Q,Q,L
675,671,Q,Q,N
675,671,Q,Q,P
675,671,Q,Q,R
676,672,T,T,A
676,672,T,T,I
676,672,T,T,N
676,672,T,T,P
676,672,T,T,R
676,672,T,T,S
677,673,Q,Q,E
677,673,Q,Q,H
677,673,Q,Q,K
677,673,Q,Q,L
677,673,Q,Q,P
677,673,Q,Q,R
678,674,T,T,A
678,674,T,T,I
678,674,T,T,N
678,674,T,T,P
678,674,T,T,S
679,675,K,N,A
679,675,K,N,C
679,675,K,N,D
679,675,K,N,E
679,675,K,N,F
679,675,K,N,G
679,675,K,N,H
679,675,K,N,I
679,675,K,N,L
679,675,K,N,M
679,675,K,N,N
679,675,K,N,P
679,675,K,N,Q
679,675,K,N,R
679,675,K,N,S
679,675,K,N,T
679,675,K,N,V
679,675,K,N,W
679,675,K,N,Y
680,676,S,S,A
680,676,S,S,F
680,676,S,S,P
680,676,S,S,R
680,676,S,S,T
680,676,S,S,W
680,676,S,S,Y
681,677,H,P,A
681,677,H,P,C
681,677,H,P,D
681,677,H,P,E
681,677,H,P,F
681,677,H,P,G
681,677,H,P,I
681,677,H,P,K
681,677,H,P,L
681,677,H,P,M
681,677,H,P,N
681,677,H,P,P
681,677,H,P,Q
681,677,H,P,R
681,677,H,P,S
681,677,H,P,T
681,677,H,P,V
681,677,H,P,W
681,677,H,P,Y
682,678,R,R,L
682,678,R,R,Q
682,678,R,R,W
683,679,R,R,L
683,679,R,R,P
683,679,R,R,Q
683,679,R,R,W
683,679,R,R,Y
684,680,A,A,M
684,680,A,A,P
684,680,A,A,S
684,680,A,A,T
684,680,A,A,V
685,681,R,R,H
685,681,R,R,L
686,682,S,S,G
686,682,S,S,N
686,682,S,S,R
687,683,V,V,A
687,683,V,V,I
687,683,V,V,L
688,684,A,A,C
688,684,A,A,D
688,684,A,A,E
688,684,A,A,F
688,684,A,A,G
688,684,A,A,H
688,684,A,A,I
688,684,A,A,K
688,684,A,A,L
688,684,A,A,M
688,684,A,A,N
688,684,A,A,P
688,684,A,A,Q
688,684,A,A,R
688,684,A,A,S
688,684,A,A,T
688,684,A,A,V
688,684,A,A,W
688,684,A,A,Y
689,685,S,S,D
689,685,S,S,G
689,685,S,S,I
689,685,S,S,N
689,685,S,S,R
689,685,S,S,T
690,686,Q,Q,E
690,686,Q,Q,H
690,686,Q,Q,K
690,686,Q,Q,L
690,686,Q,Q,R
690,686,Q,Q,S
691,687,S,S,A
691,687,S,S,D
691,687,S,S,F
691,687,S,S,P
691,687,S,S,T
691,687,S,S,Y
692,688,I,I,F
692,688,I,I,L
692,688,I,I,M
692,688,I,I,V
693,689,I,I,F
693,689,I,I,L
693,689,I,I,S
693,689,I,I,V
694,690,A,A,S
694,690,A,A,T
694,690,A,A,V
696,692,T,T,A
696,692,T,T,I
696,692,T,T,N
697,693,M,M,I
697,693,M,M,L
697,693,M,M,T
698,694,S,S,A
698,694,S,S,L
699,695,L,L,F
699,695,L,L,I
701,697,A,A,E
701,697,A,A,G
701,697,A,A,P
701,697,A,A,S
701,697,A,A,T
701,697,A,A,V
702,698,E,E,A
702,698,E,E,D
702,698,E,E,K
702,698,E,E,Q
702,698,E,E,V
703,699,N,N,D
703,699,N,N,F
703,699,N,N,H
703,699,N,N,I
703,699,N,N,K
703,699,N,N,S
703,699,N,N,T
703,699,N,N,Y
704,700,S,S,A
704,700,S,S,C
704,700,S,S,D
704,700,S,S,E
704,700,S,S,F
704,700,S,S,G
704,700,S,S,H
704,700,S,S,I
704,700,S,S,K
704,700,S,S,L
704,700,S,S,M
704,700,S,S,N
704,700,S,S,P
704,700,S,S,Q
704,700,S,S,R
704,700,S,S,T
704,700,S,S,V
704,700,S,S,W
704,700,S,S,Y
705,701,V,V,F
705,701,V,V,I
705,701,V,V,L
706,702,A,A,C
706,702,A,A,G
706,702,A,A,P
706,702,A,A,S
706,702,A,A,T
706,702,A,A,V
707,703,Y,Y,H
708,704,S,S,A
708,704,S,S,C
708,704,S,S,F
708,704,S,S,L
708,704,S,S,T
709,705,N,N,K
709,705,N,N,S
709,705,N,N,T
709,705,N,N,V
709,705,N,N,Y
710,706,N,N,D
710,706,N,N,K
710,706,N,N,Q
710,706,N,N,S
710,706,N,N,T
710,706,N,N,V
711,707,S,S,A
711,707,S,S,F
711,707,S,S,K
711,707,S,S,T
712,708,I,I,L
712,708,I,I,S
712,708,I,I,T
712,708,I,I,V
713,709,A,A,D
713,709,A,A,Q
713,709,A,A,S
713,709,A,A,T
713,709,A,A,V
714,710,I,I,L
714,710,I,I,V
715,711,P,P,L
715,711,P,P,S
716,712,T,T,A
716,712,T,T,I
716,712,T,T,K
716,712,T,T,S
716,712,T,T,V
717,713,N,N,D
717,713,N,N,K
717,713,N,N,L
717,713,N,N,S
717,713,N,N,T
718,714,F,F,I
718,714,F,F,L
719,715,T,T,A
719,715,T,T,I
719,715,T,T,N
719,715,T,T,S
720,716,I,I,L
720,716,I,I,V
721,717,S,S,G
721,717,S,S,I
721,717,S,S,L
721,717,S,S,R
722,718,V,V,A
722,718,V,V,D
722,718,V,V,I
722,718,V,V,P
723,719,T,T,A
723,719,T,T,I
723,719,T,T,N
723,719,T,T,P
723,719,T,T,S
723,719,T,T,Y
724,720,T,T,A
724,720,T,T,I
724,720,T,T,P
724,720,T,T,S
725,721,E,E,D
725,721,E,E,Q
726,722,I,I,T
726,722,I,I,V
727,723,L,L,I
727,723,L,L,Y
728,724,P,P,L
728,724,P,P,Q
728,724,P,P,S
729,725,V,V,C
729,725,V,V,L
729,725,V,V,M
730,726,S,S,A
730,726,S,S,F
730,726,S,S,L
730,726,S,S,V
730,726,S,S,Y
731,727,M,M,I
731,727,M,M,L
731,727,M,M,T
732,728,T,T,A
732,728,T,T,I
732,728,T,T,P
732,728,T,T,S
733,729,K,K,Q
733,729,K,K,R
734,730,T,T,A
734,730,T,T,H
734,730,T,T,I
734,730,T,T,K
735,731,S,S,A
735,731,S,S,F
735,731,S,S,I
735,731,S,S,L
735,731,S,S,Q
736,732,V,V,G
736,732,V,V,I
736,732,V,V,L
736,732,V,V,Y
737,733,D,D,E
737,733,D,D,Q
737,733,D,D,Y
738,734,C,C,W
739,735,T,T,A
739,735,T,T,I
739,735,T,T,L
740,736,M,M,F
740,736,M,M,I
740,736,M,M,L
740,736,M,M,T
740,736,M,M,V
741,737,Y,Y,P
741,737,Y,Y,V
742,738,I,I,R
742,738,I,I,V
743,739,C,C,H
744,740,G,G,D
744,740,G,G,Q
744,740,G,G,S
745,741,D,D,A
745,741,D,D,E
745,741,D,D,G
745,741,D,D,N
745,741,D,D,V
746,742,S,S,I
747,743,T,T,A
747,743,T,T,I
747,743,T,T,N
747,743,T,T,P
747,743,T,T,S
747,743,T,T,V
748,744,E,E,D
748,744,E,E,Q
748,744,E,E,V
750,746,S,S,G
750,746,S,S,I
750,746,S,S,N
750,746,S,S,T
751,747,N,N,D
751,747,N,N,F
751,747,N,N,H
751,747,N,N,I
751,747,N,N,K
751,747,N,N,S
751,747,N,N,T
751,747,N,N,Y
752,748,L,L,F
752,748,L,L,I
752,748,L,L,P
752,748,L,L,V
753,749,L,L,C
753,749,L,L,F
753,749,L,L,Q
753,749,L,L,V
754,750,L,L,C
754,750,L,L,F
754,750,L,L,I
754,750,L,L,S
754,750,L,L,V
755,751,Q,Q,A
755,751,Q,Q,H
755,751,Q,Q,N
756,752,Y,Y,A
756,752,Y,Y,I
756,752,Y,Y,L
756,752,Y,Y,M
757,753,G,G,A
757,753,G,G,N
757,753,G,G,W
758,754,S,S,A
758,754,S,S,G
758,754,S,S,I
758,754,S,S,Q
758,754,S,S,V
761,757,T,T,A
761,757,T,T,C
761,757,T,T,I
761,757,T,T,R
761,757,T,T,S
762,758,Q,Q,E
762,758,Q,Q,H
762,758,Q,Q,L
762,758,Q,Q,N
763,759,L,L,F
763,759,L,L,I
763,759,L,L,M
763,759,L,L,S
764,760,K,N,A
764,760,K,N,C
764,760,K,N,D
764,760,K,N,E
764,760,K,N,F
764,760,K,N,G
764,760,K,N,H
764,760,K,N,I
764,760,K,N,L
764,760,K,N,M
764,760,K,N,N
764,760,K,N,P
764,760,K,N,Q
764,760,K,N,R
764,760,K,N,S
764,760,K,N,T
764,760,K,N,V
764,760,K,N,W
764,760,K,N,Y
765,761,R,R,C
765,761,R,R,G
765,761,R,R,H
765,761,R,R,L
765,761,R,R,S
765,761,R,R,V
766,762,A,A,C
766,762,A,A,F
766,762,A,A,L
766,762,A,A,S
766,762,A,A,T
766,762,A,A,V
767,763,L,L,V
768,764,T,T,A
768,764,T,T,H
768,764,T,T,I
768,764,T,T,N
768,764,T,T,S
769,765,G,G,A
769,765,G,G,E
769,765,G,G,N
769,765,G,G,R
769,765,G,G,V
770,766,I,I,M
770,766,I,I,V
771,767,A,A,D
771,767,A,A,L
771,767,A,A,N
771,767,A,A,S
771,767,A,A,T
771,767,A,A,V
772,768,V,V,A
772,768,V,V,F
772,768,V,V,G
772,768,V,V,I
772,768,V,V,L
773,769,E,E,D
773,769,E,E,G
773,769,E,E,N
774,770,Q,Q,K
775,771,D,D,N
775,771,D,D,T
776,772,K,K,Q
776,772,K,K,R
776,772,K,K,T
777,773,N,N,H
777,773,N,N,K
777,773,N,N,S
777,773,N,N,T
778,774,T,T,A
778,774,T,T,H
778,774,T,T,I
778,774,T,T,N
778,774,T,T,P
778,774,T,T,S
779,775,Q,Q,E
779,775,Q,Q,H
779,775,Q,Q,K
779,775,Q,Q,L
779,775,Q,Q,P
779,775,Q,Q,R
780,776,E,E,A
780,776,E,E,D
780,776,E,E,G
780,776,E,E,K
780,776,E,E,N
780,776,E,E,Q
780,776,E,E,R
780,776,E,E,S
780,776,E,E,V
781,777,V,V,D
781,777,V,V,F
781,777,V,V,I
781,777,V,V,S
782,778,F,F,C
782,778,F,F,L
782,778,F,F,Y
783,779,A,A,E
783,779,A,A,H
783,779,A,A,K
783,779,A,A,S
783,779,A,A,T
783,779,A,A,V
784,780,Q,Q,H
784,780,Q,Q,K
784,780,Q,Q,L
784,780,Q,Q,R
784,780,Q,Q,S
785,781,V,V,A
785,781,V,V,F
785,781,V,V,I
785,781,V,V,L
785,781,V,V,Q
785,781,V,V,S
786,782,K,K,E
786,782,K,K,N
786,782,K,K,Q
786,782,K,K,R
786,782,K,K,T
787,783,Q,Q,H
787,783,Q,Q,K
787,783,Q,Q,L
787,783,Q,Q,N
787,783,Q,Q,R
787,783,Q,Q,Y
788,784,I,I,F
788,784,I,I,L
788,784,I,I,V
789,785,Y,Y,F
789,785,Y,Y,H
789,785,Y,Y,N
789,785,Y,Y,Q
789,785,Y,Y,T
790,786,K,K,E
790,786,K,K,I
790,786,K,K,N
790,786,K,K,Q
790,786,K,K,R
790,786,K,K,T
791,787,T,T,A
791,787,T,T,H
791,787,T,T,I
791,787,T,T,K
791,787,T,T,N
791,787,T,T,P
792,788,P,P,H
792,788,P,P,L
792,788,P,P,Q
792,788,P,P,S
792,788,P,P,T
793,789,P,P,L
793,789,P,P,N
793,789,P,P,Q
793,789,P,P,R
793,789,P,P,S
793,789,P,P,T
794,790,I,I,F
794,790,I,I,L
794,790,I,I,N
794,790,I,I,T
794,790,I,I,V
795,791,K,K,E
795,791,K,K,I
795,791,K,K,N
795,791,K,K,Q
795,791,K,K,R
796,792,Y,D,A
796,792,Y,D,C
796,792,Y,D,D
796,792,Y,D,E
796,792,Y,D,F
796,792,Y,D,G
796,792,Y,D,H
796,792,Y,D,I
796,792,Y,D,K
796,792,Y,D,L
796,792,Y,D,M
796,792,Y,D,N
796,792,Y,D,P
796,792,Y,D,Q
796,792,Y,D,R
796,792,Y,D,S
796,792,Y,D,T
796,792,Y,D,V
796,792,Y,D,W
797,793,F,F,C
797,793,F,F,L
797,793,F,F,V
798,794,G,G,C
798,794,G,G,D
798,794,G,G,S
798,794,G,G,V
798,794,G,G,W
799,795,G,G,D
799,795,G,G,S
799,795,G,G,V
799,795,G,G,W
800,796,F,F,L
800,796,F,F,V
801,797,N,N,D
801,797,N,N,I
802,798,F,F,L
803,799,S,S,F
803,799,S,S,H
803,799,S,S,L
803,799,S,S,T
804,800,Q,Q,H
804,800,Q,Q,K
804,800,Q,Q,L
804,800,Q,Q,P
804,800,Q,Q,R
804,800,Q,Q,T
805,801,I,I,L
805,801,I,I,M
805,801,I,I,N
805,801,I,I,V
805,801,I,I,Y
806,802,L,L,I
806,802,L,L,V
806,802,L,L,Y
807,803,P,P,L
807,803,P,P,Q
807,803,P,P,S
807,803,P,P,T
808,804,D,D,A
808,804,D,D,E
808,804,D,D,G
808,804,D,D,H
808,804,D,D,N
808,804,D,D,S
808,804,D,D,V
808,804,D,D,Y
809,805,P,P,H
809,805,P,P,L
809,805,P,P,Q
809,805,P,P,R
809,805,P,P,S
809,805,P,P,T
810,806,S,S,A
810,806,S,S,L
810,806,S,S,Q
810,806,S,S,T
811,807,K,K,E
811,807,K,K,I
811,807,K,K,N
811,807,K,K,Q
811,807,K,K,R
811,807,K,K,T
812,808,P,P,A
812,808,P,P,L
812,808,P,P,Q
812,808,P,P,R
812,808,P,P,S
812,808,P,P,T
813,809,S,S,A
813,809,S,S,G
813,809,S,S,I
813,809,S,S,N
813,809,S,S,R
813,809,S,S,T
814,810,K,K,E
814,810,K,K,M
814,810,K,K,N
814,810,K,K,Q
814,810,K,K,R
814,810,K,K,T
815,811,R,R,G
815,811,R,R,K
815,811,R,R,M
815,811,R,R,S
816,812,S,S,H
817,813,F,F,L
817,813,F,F,V
817,813,F,F,Y
818,814,I,I,L
818,814,I,I,V
819,815,E,E,K
819,815,E,E,Q
820,816,D,D,A
820,816,D,D,E
820,816,D,D,G
820,816,D,D,H
820,816,D,D,N
821,817,L,L,I
821,817,L,L,V
822,818,L,L,F
822,818,L,L,I
822,818,L,L,V
823,819,F,F,S
824,820,N,N,D
824,820,N,N,Q
824,820,N,N,S
824,820,N,N,T
824,820,N,N,Y
825,821,K,K,E
825,821,K,K,Q
825,821,K,K,R
825,821,K,K,T
826,822,V,V,I
826,822,V,V,L
826,822,V,V,M
826,822,V,V,S
827,823,T,T,A
827,823,T,T,I
827,823,T,T,S
828,824,L,L,F
828,824,L,L,I
829,825,A,A,L
829,825,A,A,S
829,825,A,A,T
829,825,A,A,V
830,826,D,D,E
830,826,D,D,G
830,826,D,D,N
830,826,D,D,Y
831,827,A,A,G
831,827,A,A,S
831,827,A,A,T
831,827,A,A,V
832,828,G,G,D
832,828,G,G,S
833,829,F,F,I
833,829,F,F,L
833,829,F,F,S
834,830,I,I,F
834,830,I,I,L
834,830,I,I,M
834,830,I,I,S
834,830,I,I,T
834,830,I,I,V
835,831,K,K,E
835,831,K,K,H
835,831,K,K,I
835,831,K,K,N
835,831,K,K,Q
835,831,K,K,R
835,831,K,K,T
836,832,Q,Q,E
836,832,Q,Q,H
836,832,Q,Q,K
836,832,Q,Q,L
836,832,Q,Q,P
836,832,Q,Q,R
837,833,Y,Y,F
837,833,Y,Y,H
837,833,Y,Y,W
838,834,G,G,D
838,834,G,G,S
838,834,G,G,V
839,835,D,D,A
839,835,D,D,E
839,835,D,D,G
839,835,D,D,N
839,835,D,D,S
839,835,D,D,V
839,835,D,D,Y
840,836,C,C,A
841,837,L,L,F
841,837,L,L,I
841,837,L,L,R
842,838,G,G,A
842,838,G,G,C
842,838,G,G,D
842,838,G,G,S
842,838,G,G,V
843,839,D,D,A
843,839,D,D,E
843,839,D,D,G
843,839,D,D,N
843,839,D,D,Y
844,840,I,I,F
844,840,I,I,L
844,840,I,I,S
844,840,I,I,T
844,840,I,I,V
845,841,A,A,D
845,841,A,A,G
845,841,A,A,S
845,841,A,A,T
845,841,A,A,V
846,842,A,A,G
846,842,A,A,S
846,842,A,A,T
846,842,A,A,V
847,843,R,R,I
847,843,R,R,K
847,843,R,R,T
848,844,D,D,N
848,844,D,D,P
849,845,L,L,F
849,845,L,L,H
849,845,L,L,I
850,846,I,I,F
850,846,I,I,L
850,846,I,I,S
850,846,I,I,T
850,846,I,I,V
852,848,A,A,S
852,848,A,A,T
852,848,A,A,V
853,849,Q,Q,H
853,849,Q,Q,K
853,849,Q,Q,L
853,849,Q,Q,R
854,850,K,K,E
854,850,K,K,N
854,850,K,K,R
854,850,K,K,S
854,850,K,K,T
855,851,F,F,L
855,851,F,F,S
855,851,F,F,V
856,852,N,N,H
856,852,N,N,K
856,852,N,N,S
856,852,N,N,T
857,853,G,G,A
857,853,G,G,C
857,853,G,G,S
858,854,L,L,F
858,854,L,L,I
858,854,L,L,V
859,855,T,T,A
859,855,T,T,I
859,855,T,T,L
859,855,T,T,N
859,855,T,T,S
860,856,V,V,A
860,856,V,V,F
860,856,V,V,I
860,856,V,V,L
861,857,L,L,C
861,857,L,L,M
861,857,L,L,S
862,858,P,P,H
862,858,P,P,K
862,858,P,P,S
863,859,P,P,S
864,860,L,L,F
865,861,L,L,F
866,862,T,T,C
866,862,T,T,N
867,863,D,D,A
867,863,D,D,E
867,863,D,D,G
867,863,D,D,N
867,863,D,D,S
867,863,D,D,T
867,863,D,D,Y
868,864,E,E,A
868,864,E,E,D
868,864,E,E,G
868,864,E,E,K
868,864,E,E,L
868,864,E,E,Q
869,865,M,M,F
869,865,M,M,I
869,865,M,M,L
870,866,I,I,K
870,866,I,I,L
870,866,I,I,S
870,866,I,I,T
870,866,I,I,V
871,867,A,A,C
871,867,A,A,H
871,867,A,A,S
871,867,A,A,T
871,867,A,A,V
872,868,Q,Q,K
872,868,Q,Q,L
873,869,Y,Y,H
873,869,Y,Y,L
873,869,Y,Y,R
874,870,T,T,I
874,870,T,T,N
874,870,T,T,V
875,871,S,S,A
875,871,S,S,F
875,871,S,S,Q
875,871,S,S,T
876,872,A,A,C
876,872,A,A,L
876,872,A,A,S
876,872,A,A,T
877,873,L,L,M
877,873,L,L,P
878,874,L,L,H
878,874,L,L,I
879,875,A,A,C
879,875,A,A,G
879,875,A,A,S
879,875,A,A,T
879,875,A,A,V
881,877,T,T,A
881,877,T,T,I
881,877,T,T,P
881,877,T,T,R
882,878,I,I,L
882,878,I,I,T
882,878,I,I,V
883,879,T,T,A
883,879,T,T,C
883,879,T,T,D
883,879,T,T,E
883,879,T,T,F
883,879,T,T,G
883,879,T,T,H
883,879,T,T,I
883,879,T,T,K
883,879,T,T,L
883,879,T,T,M
883,879,T,T,N
883,879,T,T,P
883,879,T,T,Q
883,879,T,T,R
883,879,T,T,S
883,879,T,T,V
883,879,T,T,W
883,879,T,T,Y
884,880,S,S,A
884,880,S,S,C
884,880,S,S,F
884,880,S,S,T
885,881,G,G,C
885,881,G,G,S
886,882,W,W,L
886,882,W,W,Y
887,883,T,T,A
887,883,T,T,L
887,883,T,T,N
888,884,F,F,I
888,884,F,F,L
889,885,G,G,L
889,885,G,G,S
889,885,G,G,W
890,886,A,A,L
890,886,A,A,S
890,886,A,A,T
890,886,A,A,V
891,887,G,G,D
892,888,A,A,P
892,888,A,A,S
892,888,A,A,T
892,888,A,A,V
893,889,A,A,L
893,889,A,A,S
893,889,A,A,T
893,889,A,A,V
894,890,L,L,V
895,891,Q,Q,H
896,892,I,I,L
896,892,I,I,M
896,892,I,I,T
896,892,I,I,V
897,893,P,P,L
898,894,F,F,I
898,894,F,F,L
899,895,A,A,S
899,895,A,A,T
899,895,A,A,V
900,896,M,M,I
900,896,M,M,L
900,896,M,M,N
900,896,M,M,T
901,897,Q,Q,R
901,897,Q,Q,T
902,898,M,M,I
902,898,M,M,L
903,899,A,A,C
903,899,A,A,S
904,900,Y,Y,F
904,900,Y,Y,H
905,901,R,R,A
905,901,R,R,K
906,902,F,F,Y
907,903,N,N,S
907,903,N,N,T
908,904,G,G,S
909,905,I,I,L
909,905,I,I,M
909,905,I,I,V
911,907,V,V,I
911,907,V,V,L
912,908,T,T,A
912,908,T,T,I
913,909,Q,Q,E
913,909,Q,Q,H
913,909,Q,Q,K
914,910,N,N,C
914,910,N,N,S
915,911,V,V,F
915,911,V,V,I
915,911,V,V,S
917,913,Y,Y,P
918,914,E,E,A
918,914,E,E,D
918,914,E,E,K
918,914,E,E,Q
918,914,E,E,T
918,914,E,E,V
920,916,Q,Q,L
920,916,Q,Q,P
921,917,K,K,E
921,917,K,K,I
921,917,K,K,N
921,917,K,K,Q
921,917,K,K,R
922,918,L,L,F
922,918,L,L,I
922,918,L,L,M
922,918,L,L,S
922,918,L,L,V
923,919,I,I,D
923,919,I,I,L
923,919,I,I,V
924,920,A,A,C
924,920,A,A,L
924,920,A,A,S
924,920,A,A,T
924,920,A,A,V
925,921,N,N,A
925,921,N,N,D
925,921,N,N,K
925,921,N,N,Q
925,921,N,N,S
925,921,N,N,Y
926,922,Q,Q,H
926,922,Q,Q,K
926,922,Q,Q,L
926,922,Q,Q,P
926,922,Q,Q,R
927,923,F,F,I
927,923,F,F,L
928,924,N,N,K
929,925,S,S,G
929,925,S,S,I
929,925,S,S,N
929,925,S,S,R
929,925,S,S,T
930,926,A,A,C
930,926,A,A,L
930,926,A,A,V
931,927,I,I,F
931,927,I,I,L
931,927,I,I,V
931,927,I,I,Y
932,928,G,G,A
932,928,G,G,C
932,928,G,G,D
932,928,G,G,R
932,928,G,G,S
932,928,G,G,V
932,928,G,G,W
933,929,K,K,E
933,929,K,K,N
933,929,K,K,Q
933,929,K,K,R
934,930,I,I,F
934,930,I,I,L
934,930,I,I,M
934,930,I,I,N
934,930,I,I,V
935,931,Q,Q,E
935,931,Q,Q,H
935,931,Q,Q,K
935,931,Q,Q,R
935,931,Q,Q,S
936,932,D,D,A
936,932,D,D,E
936,932,D,D,G
936,932,D,D,H
936,932,D,D,N
936,932,D,D,R
936,932,D,D,V
936,932,D,D,Y
937,933,S,S,A
937,933,S,S,H
937,933,S,S,L
937,933,S,S,T
938,934,L,L,F
938,934,L,L,I
938,934,L,L,T
939,935,S,S,A
939,935,S,S,F
939,935,S,S,T
939,935,S,S,Y
940,936,S,S,A
940,936,S,S,F
940,936,S,S,L
940,936,S,S,N
940,936,S,S,T
940,936,S,S,Y
941,937,T,T,A
941,937,T,T,F
941,937,T,T,I
941,937,T,T,P
941,937,T,T,S
942,938,A,A,S
942,938,A,A,T
942,938,A,A,V
943,939,S,S,G
943,939,S,S,I
943,939,S,S,N
943,939,S,S,P
943,939,S,S,R
943,939,S,S,T
944,940,A,A,C
944,940,A,A,S
944,940,A,A,V
945,941,L,L,F
945,941,L,L,I
945,941,L,L,T
946,942,G,G,A
946,942,G,G,E
946,942,G,G,R
946,942,G,G,V
946,942,G,G,W
947,943,K,K,E
947,943,K,K,I
947,943,K,K,N
947,943,K,K,R
947,943,K,K,T
948,944,L,L,F
948,944,L,L,I
949,945,Q,Q,E
949,945,Q,Q,K
949,945,Q,Q,R
950,946,D,D,A
950,946,D,D,E
950,946,D,D,G
950,946,D,D,H
950,946,D,D,K
950,946,D,D,N
950,946,D,D,S
950,946,D,D,Y
951,947,V,V,L
952,948,V,V,A
952,948,V,V,F
952,948,V,V,I
953,949,N,N,S
953,949,N,N,T
954,950,H,Q,A
954,950,H,Q,C
954,950,H,Q,D
954,950,H,Q,E
954,950,H,Q,F
954,950,H,Q,G
954,950,H,Q,I
954,950,H,Q,K
954,950,H,Q,L
954,950,H,Q,M
954,950,H,Q,N
954,950,H,Q,P
954,950,H,Q,Q
954,950,H,Q,R
954,950,H,Q,S
954,950,H,Q,T
954,950,H,Q,V
954,950,H,Q,W
954,950,H,Q,Y
955,951,N,N,I
956,952,A,A,S
956,952,A,A,T
957,953,Q,Q,H
957,953,Q,Q,K
957,953,Q,Q,L
957,953,Q,Q,R
958,954,A,A,D
958,954,A,A,L
958,954,A,A,S
960,956,N,N,D
960,956,N,N,K
960,956,N,N,S
960,956,N,N,T
961,957,T,T,A
961,957,T,T,M
961,957,T,T,N
961,957,T,T,R
961,957,T,T,S
963,959,V,V,A
963,959,V,V,I
963,959,V,V,L
964,960,K,K,E
964,960,K,K,N
964,960,K,K,P
964,960,K,K,R
964,960,K,K,T
965,961,Q,Q,K
965,961,Q,Q,N
966,962,L,L,F
967,963,S,S,A
967,963,S,S,G
967,963,S,S,N
967,963,S,S,R
967,963,S,S,T
968,964,S,S,C
968,964,S,S,F
968,964,S,S,P
968,964,S,S,V
969,965,K,N,A
969,965,K,N,C
969,965,K,N,D
969,965,K,N,E
969,965,K,N,F
969,965,K,N,G
969,965,K,N,H
969,965,K,N,I
969,965,K,N,L
969,965,K,N,M
969,965,K,N,N
969,965,K,N,P
969,965,K,N,Q
969,965,K,N,R
969,965,K,N,S
969,965,K,N,T
969,965,K,N,V
969,965,K,N,W
969,965,K,N,Y
971,967,G,G,K
971,967,G,G,Q
972,968,A,A,V
973,969,I,I,F
975,971,S,S,M
975,971,S,S,N
976,972,V,V,A
976,972,V,V,F
976,972,V,V,I
977,973,L,L,S
978,974,N,N,D
978,974,N,N,F
978,974,N,N,S
979,975,D,D,E
979,975,D,D,H
979,975,D,D,Y
980,976,I,I,L
980,976,I,I,V
981,977,L,L,F
981,977,L,L,I
981,977,L,L,S
982,978,S,S,A
982,978,S,S,L
982,978,S,S,T
983,979,R,R,K
983,979,R,R,L
984,980,L,L,P
985,981,D,D,N
986,982,K,K,N
986,982,K,K,Q
986,982,K,K,R
987,983,V,V,F
987,983,V,V,I
987,983,V,V,L
988,984,E,E,D
988,984,E,E,K
988,984,E,E,R
989,985,A,A,C
989,985,A,A,L
990,986,E,E,A
990,986,E,E,D
990,986,E,E,K
990,986,E,E,Q
991,987,V,V,C
992,988,Q,Q,K
993,989,I,I,L
993,989,I,I,S
993,989,I,I,V
995,991,R,R,G
995,991,R,R,H
995,991,R,R,K
996,992,L,L,R
997,993,I,I,Q
997,993,I,I,V
998,994,T,T,A
998,994,T,T,G
998,994,T,T,I
998,994,T,T,S
999,995,G,G,S
1000,996,R,R,K
1000,996,R,R,S
1001,997,L,L,F
1001,997,L,L,Q
1002,998,Q,Q,A
1002,998,Q,Q,E
1002,998,Q,Q,H
1002,998,Q,Q,K
1003,999,S,S,D
1003,999,S,S,G
1003,999,S,S,I
1003,999,S,S,N
1003,999,S,S,T
1004,1000,L,L,F
1005,1001,Q,Q,H
1005,1001,Q,Q,K
1006,1002,T,T,A
1006,1002,T,T,I
1006,1002,T,T,V
1007,1003,Y,Y,C
1007,1003,Y,Y,H
1007,1003,Y,Y,T
1008,1004,V,V,A
1008,1004,V,V,L
1008,1004,V,V,R
1009,1005,T,T,A
1009,1005,T,T,H
1009,1005,T,T,I
1009,1005,T,T,N
1009,1005,T,T,S
1010,1006,Q,Q,E
1010,1006,Q,Q,L
1010,1006,Q,Q,M
1010,1006,Q,Q,N
1011,1007,Q,Q,H
1011,1007,Q,Q,K
1011,1007,Q,Q,L
1012,1008,L,L,F
1012,1008,L,L,S
1013,1009,I,I,L
1013,1009,I,I,N
1013,1009,I,I,S
1014,1010,R,R,I
1014,1010,R,R,K
1014,1010,R,R,N
1014,1010,R,R,P
1014,1010,R,R,S
1014,1010,R,R,T
1015,1011,A,A,S
1015,1011,A,A,V
1016,1012,A,A,L
1016,1012,A,A,Q
1016,1012,A,A,S
1016,1012,A,A,T
1016,1012,A,A,V
1017,1013,E,E,D
1017,1013,E,E,K
1018,1014,I,I,F
1018,1014,I,I,L
1018,1014,I,I,M
1018,1014,I,I,S
1018,1014,I,I,T
1018,1014,I,I,V
1019,1015,R,R,E
1019,1015,R,R,K
1019,1015,R,R,Q
1020,1016,A,A,D
1020,1016,A,A,G
1020,1016,A,A,K
1020,1016,A,A,L
1020,1016,A,A,S
1020,1016,A,A,T
1020,1016,A,A,V
1021,1017,S,S,A
1021,1017,S,S,F
1021,1017,S,S,L
1021,1017,S,S,T
1021,1017,S,S,Y
1022,1018,A,A,E
1022,1018,A,A,L
1022,1018,A,A,S
1023,1019,N,N,D
1023,1019,N,N,I
1023,1019,N,N,K
1023,1019,N,N,L
1023,1019,N,N,S
1023,1019,N,N,T
1023,1019,N,N,Y
1024,1020,L,L,F
1024,1020,L,L,I
1024,1020,L,L,R
1025,1021,A,A,G
1025,1021,A,A,L
1026,1022,A,A,I
1026,1022,A,A,L
1026,1022,A,A,S
1026,1022,A,A,T
1026,1022,A,A,V
1027,1023,T,T,A
1027,1023,T,T,I
1027,1023,T,T,L
1027,1023,T,T,N
1027,1023,T,T,S
1028,1024,K,K,L
1028,1024,K,K,N
1029,1025,M,M,C
1029,1025,M,M,I
1029,1025,M,M,L
1029,1025,M,M,V
1030,1026,S,S,A
1030,1026,S,S,L
1030,1026,S,S,Q
1031,1027,E,E,K
1031,1027,E,E,S
1032,1028,C,C,V
1033,1029,V,V,A
1033,1029,V,V,I
1033,1029,V,V,T
1033,1029,V,V,Y
1034,1030,L,L,F
1034,1030,L,L,I
1035,1031,G,G,D
1035,1031,G,G,V
1035,1031,G,G,W
1036,1032,Q,Q,N
1036,1032,Q,Q,T
1037,1033,S,S,I
1037,1033,S,S,L
1037,1033,S,S,Q
1038,1034,K,K,I
1038,1034,K,K,N
1038,1034,K,K,Q
1038,1034,K,K,R
1038,1034,K,K,T
1039,1035,R,R,E
1039,1035,R,R,K
1040,1036,V,V,A
1040,1036,V,V,F
1040,1036,V,V,I
1040,1036,V,V,L
1040,1036,V,V,S
1041,1037,D,D,E
1041,1037,D,D,G
1041,1037,D,D,I
1041,1037,D,D,N
1042,1038,F,F,L
1043,1039,C,C,L
1043,1039,C,C,V
1044,1040,G,G,E
1044,1040,G,G,W
1045,1041,K,K,E
1045,1041,K,K,M
1045,1041,K,K,N
1045,1041,K,K,Q
1045,1041,K,K,R
1045,1041,K,K,T
1046,1042,G,G,A
1046,1042,G,G,D
1046,1042,G,G,S
1047,1043,Y,Y,C
1047,1043,Y,Y,F
1047,1043,Y,Y,H
1047,1043,Y,Y,L
1048,1044,H,H,S
1049,1045,L,L,I
1049,1045,L,L,S
1050,1046,M,M,I
1050,1046,M,M,L
1050,1046,M,M,T
1050,1046,M,M,V
1050,1046,M,M,Y
1051,1047,S,S,L
1051,1047,S,S,V
1052,1048,F,F,C
1052,1048,F,F,I
1052,1048,F,F,L
1052,1048,F,F,V
1052,1048,F,F,Y
1054,1050,Q,Q,E
1054,1050,Q,Q,S
1055,1051,S,S,A
1055,1051,S,S,L
1055,1051,S,S,P
1055,1051,S,S,V
1056,1052,A,A,S
1056,1052,A,A,V
1057,1053,P,P,Q
1057,1053,P,P,T
1058,1054,H,H,R
1058,1054,H,H,S
1058,1054,H,H,Y
1059,1055,G,G,L
1059,1055,G,G,W
1060,1056,V,V,A
1060,1056,V,V,C
1060,1056,V,V,I
1060,1056,V,V,L
1060,1056,V,V,M
1061,1057,V,V,A
1061,1057,V,V,F
1061,1057,V,V,I
1061,1057,V,V,S
1062,1058,F,F,L
1062,1058,F,F,S
1063,1059,L,L,F
1063,1059,L,L,S
1063,1059,L,L,V
1064,1060,H,H,A
1065,1061,V,V,A
1065,1061,V,V,C
1065,1061,V,V,L
1065,1061,V,V,M
1066,1062,T,T,A
1066,1062,T,T,D
1066,1062,T,T,I
1066,1062,T,T,N
1066,1062,T,T,P
1066,1062,T,T,S
1067,1063,Y,Y,F
1067,1063,Y,Y,L
1068,1064,V,V,A
1068,1064,V,V,C
1068,1064,V,V,F
1068,1064,V,V,I
1068,1064,V,V,L
1069,1065,P,P,H
1069,1065,P,P,M
1069,1065,P,P,S
1069,1065,P,P,T
1070,1066,A,A,C
1070,1066,A,A,E
1070,1066,A,A,M
1070,1066,A,A,S
1070,1066,A,A,T
1070,1066,A,A,V
1071,1067,Q,Q,E
1071,1067,Q,Q,H
1071,1067,Q,Q,K
1071,1067,Q,Q,L
1071,1067,Q,Q,R
1071,1067,Q,Q,T
1072,1068,E,E,A
1072,1068,E,E,D
1072,1068,E,E,G
1072,1068,E,E,K
1072,1068,E,E,Q
1072,1068,E,E,R
1072,1068,E,E,V
1073,1069,K,K,E
1073,1069,K,K,H
1073,1069,K,K,M
1073,1069,K,K,N
1073,1069,K,K,Q
1073,1069,K,K,R
1073,1069,K,K,T
1074,1070,N,N,D
1074,1070,N,N,E
1074,1070,N,N,H
1074,1070,N,N,K
1074,1070,N,N,S
1074,1070,N,N,T
1074,1070,N,N,Y
1075,1071,F,F,L
1075,1071,F,F,S
1076,1072,T,T,A
1076,1072,T,T,H
1076,1072,T,T,I
1076,1072,T,T,L
1076,1072,T,T,S
1077,1073,T,T,A
1077,1073,T,T,I
1077,1073,T,T,N
1077,1073,T,T,S
1077,1073,T,T,V
1078,1074,A,A,C
1078,1074,A,A,K
1078,1074,A,A,S
1078,1074,A,A,T
1078,1074,A,A,V
1079,1075,P,P,L
1079,1075,P,P,S
1079,1075,P,P,T
1079,1075,P,P,V
1080,1076,A,A,C
1080,1076,A,A,S
1081,1077,I,I,F
1081,1077,I,I,H
1081,1077,I,I,L
1081,1077,I,I,V
1082,1078,C,C,A
1082,1078,C,C,L
1083,1079,H,H,D
1083,1079,H,H,N
1083,1079,H,H,Q
1083,1079,H,H,R
1083,1079,H,H,S
1083,1079,H,H,Y
1084,1080,D,D,A
1084,1080,D,D,E
1084,1080,D,D,G
1084,1080,D,D,H
1084,1080,D,D,L
1084,1080,D,D,N
1084,1080,D,D,T
1084,1080,D,D,V
1084,1080,D,D,Y
1085,1081,G,G,A
1085,1081,G,G,E
1085,1081,G,G,R
1085,1081,G,G,S
1085,1081,G,G,V
1086,1082,K,K,E
1086,1082,K,K,I
1086,1082,K,K,L
1086,1082,K,K,N
1086,1082,K,K,Q
1086,1082,K,K,R
1086,1082,K,K,T
1087,1083,A,A,G
1087,1083,A,A,S
1087,1083,A,A,T
1087,1083,A,A,V
1088,1084,H,H,R
1088,1084,H,H,T
1088,1084,H,H,Y
1089,1085,F,F,L
1089,1085,F,F,Y
1090,1086,P,P,L
1090,1086,P,P,S
1091,1087,R,R,C
1091,1087,R,R,H
1091,1087,R,R,K
1091,1087,R,R,L
1091,1087,R,R,S
1092,1088,E,E,A
1092,1088,E,E,D
1092,1088,E,E,G
1092,1088,E,E,K
1092,1088,E,E,Q
1092,1088,E,E,V
1092,1088,E,E,W
1093,1089,G,G,H
1093,1089,G,G,S
1094,1090,V,V,A
1094,1090,V,V,F
1094,1090,V,V,I
1094,1090,V,V,T
1095,1091,F,F,L
1095,1091,F,F,Y
1096,1092,V,V,A
1096,1092,V,V,I
1096,1092,V,V,M
1097,1093,S,S,A
1097,1093,S,S,C
1097,1093,S,S,L
1097,1093,S,S,N
1097,1093,S,S,T
1098,1094,N,N,D
1098,1094,N,N,H
1098,1094,N,N,S
1099,1095,G,G,D
1099,1095,G,G,K
1099,1095,G,G,S
1099,1095,G,G,T
1099,1095,G,G,V
1100,1096,T,T,A
1100,1096,T,T,I
1100,1096,T,T,K
1100,1096,T,T,S
1101,1097,H,H,D
1101,1097,H,H,E
1101,1097,H,H,L
1101,1097,H,H,N
1101,1097,H,H,Q
1101,1097,H,H,R
1101,1097,H,H,Y
1102,1098,W,W,C
1102,1098,W,W,F
1102,1098,W,W,L
1102,1098,W,W,S
1103,1099,F,F,L
1103,1099,F,F,S
1104,1100,V,V,A
1104,1100,V,V,I
1104,1100,V,V,L
1106,1102,Q,Q,H
1106,1102,Q,Q,T
1107,1103,R,R,G
1107,1103,R,R,K
1107,1103,R,R,M
1107,1103,R,R,N
1107,1103,R,R,S
1108,1104,N,N,H
1108,1104,N,N,I
1108,1104,N,N,S
1108,1104,N,N,T
1109,1105,F,F,I
1109,1105,F,F,L
1109,1105,F,F,Y
1110,1106,Y,Y,F
1110,1106,Y,Y,H
1111,1107,E,E,A
1111,1107,E,E,D
1111,1107,E,E,G
1111,1107,E,E,K
1111,1107,E,E,Q
1111,1107,E,E,R
1111,1107,E,E,T
1111,1107,E,E,V
1112,1108,P,P,L
1112,1108,P,P,Q
1112,1108,P,P,S
1112,1108,P,P,T
1113,1109,Q,Q,E
1113,1109,Q,Q,H
1113,1109,Q,Q,K
1113,1109,Q,Q,L
1113,1109,Q,Q,R
1114,1110,I,I,F
1114,1110,I,I,L
1114,1110,I,I,M
1114,1110,I,I,S
1114,1110,I,I,T
1114,1110,I,I,V
1115,1111,I,I,C
1115,1111,I,I,L
1115,1111,I,I,T
1115,1111,I,I,V
1116,1112,T,T,A
1116,1112,T,T,I
1116,1112,T,T,N
1116,1112,T,T,S
1116,1112,T,T,V
1117,1113,T,T,A
1117,1113,T,T,I
1117,1113,T,T,K
1117,1113,T,T,R
1117,1113,T,T,W
1118,1114,D,D,A
1118,1114,D,D,E
1118,1114,D,D,G
1118,1114,D,D,H
1118,1114,D,D,T
1118,1114,D,D,V
1118,1114,D,D,Y
1119,1115,N,N,H
1119,1115,N,N,I
1119,1115,N,N,L
1119,1115,N,N,S
1119,1115,N,N,T
1120,1116,T,T,A
1120,1116,T,T,I
1120,1116,T,T,S
1121,1117,F,F,C
1121,1117,F,F,L
1122,1118,V,V,A
1122,1118,V,V,C
1122,1118,V,V,I
1122,1118,V,V,L
1122,1118,V,V,M
1123,1119,S,S,A
1123,1119,S,S,N
1124,1120,G,G,A
1124,1120,G,G,C
1124,1120,G,G,D
1124,1120,G,G,R
1124,1120,G,G,S
1124,1120,G,G,V
1125,1121,N,N,D
1125,1121,N,N,H
1125,1121,N,N,K
1125,1121,N,N,S
1125,1121,N,N,T
1125,1121,N,N,Y
1127,1123,D,D,A
1127,1123,D,D,E
1127,1123,D,D,G
1127,1123,D,D,N
1127,1123,D,D,Q
1127,1123,D,D,V
1127,1123,D,D,Y
1128,1124,V,V,A
1128,1124,V,V,F
1128,1124,V,V,I
1128,1124,V,V,L
1129,1125,V,V,A
1129,1125,V,V,I
1129,1125,V,V,L
1130,1126,I,I,L
1130,1126,I,I,M
1130,1126,I,I,T
1130,1126,I,I,V
1131,1127,G,G,A
1131,1127,G,G,E
1131,1127,G,G,R
1132,1128,I,I,F
1132,1128,I,I,L
1132,1128,I,I,N
1132,1128,I,I,T
1132,1128,I,I,V
1133,1129,V,V,A
1133,1129,V,V,F
1133,1129,V,V,I
1133,1129,V,V,L
1134,1130,N,N,D
1134,1130,N,N,H
1134,1130,N,N,S
1134,1130,N,N,Y
1135,1131,N,N,D
1135,1131,N,N,H
1135,1131,N,N,K
1135,1131,N,N,S
1135,1131,N,N,Y
1136,1132,T,T,A
1136,1132,T,T,I
1136,1132,T,T,K
1136,1132,T,T,S
1137,1133,V,V,F
1137,1133,V,V,I
1138,1134,Y,Y,F
1138,1134,Y,Y,L
1139,1135,D,D,A
1139,1135,D,D,E
1139,1135,D,D,G
1139,1135,D,D,H
1139,1135,D,D,N
1139,1135,D,D,V
1139,1135,D,D,Y
1140,1136,P,P,S
1141,1137,L,L,F
1141,1137,L,L,S
1141,1137,L,L,W
1142,1138,Q,Q,K
1142,1138,Q,Q,L
1142,1138,Q,Q,R
1143,1139,P,P,A
1143,1139,P,P,C
1143,1139,P,P,D
1143,1139,P,P,E
1143,1139,P,P,F
1143,1139,P,P,G
1143,1139,P,P,H
1143,1139,P,P,I
1143,1139,P,P,K
1143,1139,P,P,L
1143,1139,P,P,M
1143,1139,P,P,N
1143,1139,P,P,Q
1143,1139,P,P,R
1143,1139,P,P,S
1143,1139,P,P,T
1143,1139,P,P,V
1143,1139,P,P,W
1143,1139,P,P,Y
1144,1140,E,E,A
1144,1140,E,E,D
1144,1140,E,E,G
1144,1140,E,E,K
1144,1140,E,E,Q
1144,1140,E,E,S
1144,1140,E,E,V
1145,1141,L,L,I
1146,1142,D,D,A
1146,1142,D,D,E
1146,1142,D,D,G
1146,1142,D,D,H
1146,1142,D,D,N
1146,1142,D,D,V
1146,1142,D,D,Y
1147,1143,S,S,A
1147,1143,S,S,L
1147,1143,S,S,T
1148,1144,F,F,L
1149,1145,K,K,M
1149,1145,K,K,N
1149,1145,K,K,R
1150,1146,E,E,A
1150,1146,E,E,D
1150,1146,E,E,G
1150,1146,E,E,K
1150,1146,E,E,Q
1150,1146,E,E,V
1151,1147,E,E,D
1152,1148,L,L,F
1152,1148,L,L,I
1153,1149,D,D,A
1153,1149,D,D,E
1153,1149,D,D,G
1153,1149,D,D,H
1153,1149,D,D,N
1153,1149,D,D,V
1153,1149,D,D,Y
1154,1150,K,K,E
1154,1150,K,K,I
1154,1150,K,K,N
1154,1150,K,K,R
1154,1150,K,K,T
1155,1151,Y,Y,F
1155,1151,Y,Y,H
1156,1152,F,F,L
1157,1153,K,K,E
1157,1153,K,K,M
1157,1153,K,K,N
1157,1153,K,K,R
1157,1153,K,K,T
1158,1154,N,N,D
1158,1154,N,N,K
1158,1154,N,N,S
1158,1154,N,N,T
1159,1155,H,H,L
1159,1155,H,H,R
1159,1155,H,H,Y
1160,1156,T,T,A
1160,1156,T,T,I
1160,1156,T,T,K
1161,1157,S,S,A
1161,1157,S,S,L
1161,1157,S,S,P
1162,1158,P,P,A
1162,1158,P,P,C
1162,1158,P,P,D
1162,1158,P,P,E
1162,1158,P,P,F
1162,1158,P,P,G
1162,1158,P,P,H
1162,1158,P,P,I
1162,1158,P,P,K
1162,1158,P,P,L
1162,1158,P,P,M
1162,1158,P,P,N
1162,1158,P,P,Q
1162,1158,P,P,R
1162,1158,P,P,S
1162,1158,P,P,T
1162,1158,P,P,V
1162,1158,P,P,W
1162,1158,P,P,Y
1163,1159,D,D,A
1163,1159,D,D,E
1163,1159,D,D,G
1163,1159,D,D,H
1163,1159,D,D,N
1163,1159,D,D,V
1163,1159,D,D,Y
1164,1160,V,V,A
1164,1160,V,V,F
1164,1160,V,V,I
1165,1161,D,D,A
1165,1161,D,D,E
1165,1161,D,D,G
1165,1161,D,D,N
1165,1161,D,D,Y
1166,1162,L,L,F
1167,1163,G,G,A
1167,1163,G,G,D
1167,1163,G,G,F
1167,1163,G,G,R
1167,1163,G,G,S
1167,1163,G,G,V
1168,1164,D,D,A
1168,1164,D,D,E
1168,1164,D,D,G
1168,1164,D,D,H
1168,1164,D,D,N
1168,1164,D,D,V
1168,1164,D,D,Y
1169,1165,I,I,F
1169,1165,I,I,L
1169,1165,I,I,T
1169,1165,I,I,V
1170,1166,S,S,A
1170,1166,S,S,F
1170,1166,S,S,P
1170,1166,S,S,T
1170,1166,S,S,Y
1171,1167,G,G,A
1171,1167,G,G,D
1171,1167,G,G,S
1171,1167,G,G,V
1172,1168,I,I,L
1172,1168,I,I,M
1172,1168,I,I,N
1172,1168,I,I,T
1172,1168,I,I,V
1173,1169,N,N,D
1173,1169,N,N,I
1173,1169,N,N,K
1173,1169,N,N,S
1173,1169,N,N,T
1174,1170,A,A,L
1174,1170,A,A,S
1174,1170,A,A,T
1174,1170,A,A,V
1175,1171,S,S,A
1175,1171,S,S,L
1175,1171,S,S,Q
1175,1171,S,S,T
1176,1172,V,V,A
1176,1172,V,V,F
1176,1172,V,V,I
1176,1172,V,V,L
1176,1172,V,V,S
1177,1173,V,V,A
1177,1173,V,V,I
1177,1173,V,V,L
1178,1174,N,N,D
1178,1174,N,N,H
1178,1174,N,N,K
1178,1174,N,N,R
1178,1174,N,N,S
1178,1174,N,N,T
1178,1174,N,N,Y
1179,1175,I,I,F
1179,1175,I,I,H
1179,1175,I,I,L
1179,1175,I,I,V
1180,1176,Q,Q,E
1180,1176,Q,Q,H
1180,1176,Q,Q,K
1180,1176,Q,Q,L
1180,1176,Q,Q,R
1180,1176,Q,Q,S
1181,1177,K,K,E
1181,1177,K,K,I
1181,1177,K,K,N
1181,1177,K,K,Q
1181,1177,K,K,R
1181,1177,K,K,T
1182,1178,E,E,D
1182,1178,E,E,K
1182,1178,E,E,Q
1183,1179,I,I,L
1183,1179,I,I,V
1184,1180,D,D,E
1184,1180,D,D,G
1184,1180,D,D,H
1184,1180,D,D,N
1184,1180,D,D,T
1184,1180,D,D,Y
1185,1181,R,R,C
1185,1181,R,R,H
1185,1181,R,R,L
1185,1181,R,R,N
1185,1181,R,R,S
1186,1182,L,L,I
1187,1183,N,N,D
1187,1183,N,N,H
1187,1183,N,N,I
1187,1183,N,N,K
1187,1183,N,N,S
1187,1183,N,N,T
1187,1183,N,N,V
1187,1183,N,N,Y
1188,1184,E,E,A
1188,1184,E,E,D
1188,1184,E,E,G
1188,1184,E,E,K
1188,1184,E,E,Q
1188,1184,E,E,S
1188,1184,E,E,V
1189,1185,V,V,A
1189,1185,V,V,F
1189,1185,V,V,I
1189,1185,V,V,P
1190,1186,A,A,S
1190,1186,A,A,T
1190,1186,A,A,V
1191,1187,K,K,A
1191,1187,K,K,E
1191,1187,K,K,M
1191,1187,K,K,N
1191,1187,K,K,Q
1191,1187,K,K,R
1191,1187,K,K,T
1192,1188,N,N,D
1192,1188,N,N,H
1192,1188,N,N,I
1192,1188,N,N,S
1192,1188,N,N,T
1192,1188,N,N,Y
1194,1190,N,N,K
1194,1190,N,N,M
1194,1190,N,N,S
1195,1191,E,E,A
1195,1191,E,E,D
1195,1191,E,E,G
1195,1191,E,E,K
1195,1191,E,E,Q
1195,1191,E,E,V
1196,1192,S,S,F
1196,1192,S,S,T
1196,1192,S,S,Y
1197,1193,L,L,F
1197,1193,L,L,I
1197,1193,L,L,M
1197,1193,L,L,P
1198,1194,I,I,L
1198,1194,I,I,T
1198,1194,I,I,V
1199,1195,D,D,E
1199,1195,D,D,G
1199,1195,D,D,H
1199,1195,D,D,N
1199,1195,D,D,T
1199,1195,D,D,V
1199,1195,D,D,Y
1200,1196,L,L,F
1200,1196,L,L,I
1200,1196,L,L,V
1201,1197,Q,Q,E
1201,1197,Q,Q,H
1201,1197,Q,Q,K
1201,1197,Q,Q,L
1201,1197,Q,Q,N
1201,1197,Q,Q,R
1201,1197,Q,Q,S
1202,1198,E,E,A
1202,1198,E,E,D
1202,1198,E,E,G
1202,1198,E,E,K
1202,1198,E,E,Q
1202,1198,E,E,V
1203,1199,L,L,C
1203,1199,L,L,F
1203,1199,L,L,I
1204,1200,G,G,E
1204,1200,G,G,R
1204,1200,G,G,S
1205,1201,K,K,E
1205,1201,K,K,N
1205,1201,K,K,Q
1205,1201,K,K,R
1205,1201,K,K,T
1206,1202,Y,Y,E
1206,1202,Y,Y,F
1206,1202,Y,Y,H
1207,1203,E,E,A
1207,1203,E,E,D
1207,1203,E,E,G
1207,1203,E,E,S
1207,1203,E,E,V
1208,1204,Q,Q,E
1208,1204,Q,Q,H
1208,1204,Q,Q,K
1208,1204,Q,Q,L
1208,1204,Q,Q,N
1208,1204,Q,Q,R
1209,1205,Y,Y,H
1210,1206,I,I,L
1210,1206,I,I,T
1210,1206,I,I,V
1213,1209,P,P,S
1214,1210,W,W,F
1214,1210,W,W,G
1215,1211,Y,Y,F
1215,1211,Y,Y,H
1216,1212,I,I,L
1216,1212,I,I,M
1216,1212,I,I,S
1216,1212,I,I,T
1216,1212,I,I,V
1217,1213,W,W,L
1218,1214,L,L,I
1219,1215,G,G,A
1219,1215,G,G,C
1219,1215,G,G,S
1219,1215,G,G,V
1220,1216,F,F,L
1221,1217,I,I,L
1221,1217,I,I,M
1221,1217,I,I,T
1221,1217,I,I,V
1221,1217,I,I,Y
1222,1218,A,A,S
1222,1218,A,A,T
1222,1218,A,A,V
1223,1219,G,G,C
1223,1219,G,G,S
1223,1219,G,G,V
1223,1219,G,G,W
1224,1220,L,L,F
1224,1220,L,L,M
1224,1220,L,L,S
1224,1220,L,L,V
1225,1221,I,I,F
1225,1221,I,I,L
1225,1221,I,I,M
1225,1221,I,I,S
1225,1221,I,I,T
1225,1221,I,I,V
1226,1222,A,A,S
1226,1222,A,A,T
1226,1222,A,A,V
1227,1223,I,I,L
1227,1223,I,I,M
1227,1223,I,I,T
1227,1223,I,I,V
1228,1224,V,V,A
1228,1224,V,V,I
1228,1224,V,V,L
1229,1225,M,M,I
1229,1225,M,M,L
1229,1225,M,M,T
1229,1225,M,M,V
1230,1226,V,V,A
1230,1226,V,V,G
1230,1226,V,V,L
1230,1226,V,V,M
1231,1227,T,T,A
1231,1227,T,T,I
1231,1227,T,T,S
1232,1228,I,I,F
1232,1228,I,I,L
1232,1228,I,I,S
1232,1228,I,I,T
1232,1228,I,I,V
1233,1229,M,M,I
1233,1229,M,M,L
1233,1229,M,M,T
1233,1229,M,M,V
1234,1230,L,L,F
1234,1230,L,L,I
1235,1231,C,C,F
1235,1231,C,C,S
1236,1232,C,C,F
1236,1232,C,C,G
1236,1232,C,C,S
1236,1232,C,C,Y
1237,1233,M,M,I
1237,1233,M,M,K
1237,1233,M,M,L
1237,1233,M,M,T
1237,1233,M,M,V
1238,1234,T,T,A
1238,1234,T,T,I
1238,1234,T,T,N
1238,1234,T,T,S
1239,1235,S,S,G
1239,1235,S,S,I
1239,1235,S,S,N
1239,1235,S,S,R
1239,1235,S,S,T
1240,1236,C,C,F
1240,1236,C,C,G
1240,1236,C,C,S
1240,1236,C,C,W
1240,1236,C,C,Y
1241,1237,C,C,F
1241,1237,C,C,S
1241,1237,C,C,Y
1242,1238,S,S,G
1242,1238,S,S,I
1242,1238,S,S,N
1242,1238,S,S,T
1243,1239,C,C,F
1243,1239,C,C,R
1243,1239,C,C,S
1243,1239,C,C,Y
1244,1240,L,L,F
1244,1240,L,L,I
1244,1240,L,L,P
1245,1241,K,K,E
1245,1241,K,K,M
1245,1241,K,K,N
1245,1241,K,K,Q
1245,1241,K,K,R
1245,1241,K,K,T
1246,1242,G,G,C
1246,1242,G,G,D
1246,1242,G,G,S
1246,1242,G,G,V
1247,1243,C,C,F
1247,1243,C,C,L
1247,1243,C,C,R
1247,1243,C,C,S
1247,1243,C,C,Y
1248,1244,C,C,F
1248,1244,C,C,L
1248,1244,C,C,R
1248,1244,C,C,S
1248,1244,C,C,W
1248,1244,C,C,Y
1249,1245,S,S,A
1249,1245,S,S,F
1249,1245,S,S,P
1249,1245,S,S,T
1249,1245,S,S,Y
1250,1246,C,C,F
1250,1246,C,C,R
1250,1246,C,C,S
1250,1246,C,C,W
1250,1246,C,C,Y
1251,1247,G,G,A
1251,1247,G,G,E
1251,1247,G,G,R
1251,1247,G,G,V
1252,1248,S,S,A
1252,1248,S,S,C
1252,1248,S,S,F
1252,1248,S,S,P
1252,1248,S,S,T
1252,1248,S,S,Y
